capacity,lat,lon,name,short_name,station_id
37,40.72217444,-73.98368779,E 2 St & Avenue B,5515.02,301
52,40.72740794,-73.98142006,E 10 St & Avenue A,5659.05,445
34,40.73314259,-73.97573881,E 20 St & FDR Drive,5886.02,487
44,40.73221853,-73.98165557,1 Ave & E 16 St,5779.08,504
39,40.76727216,-73.99392888,W 52 St & 11 Ave,6926.01,72
33,40.71911552,-74.00666661,Franklin St & W Broadway,5430.08,79
27,40.71117416,-74.00016545,St James Pl & Pearl St,5167.06,82
62,40.68382604,-73.97632328,Atlantic Ave & Fort Greene Pl,4354.07,83
19,40.69608941,-73.97803415,Park Ave & St Edwards St,4700.06,119
19,40.68676793,-73.95928168,Lexington Ave & Classon Ave,4452.03,120
31,40.73172428,-74.00674436,Barrow St & Hudson St,5805.05,127
30,40.72710258,-74.00297088,MacDougal St & Prince St,5687.04,128
24,40.69239502,-73.99337909,Clinton St & Joralemon St,4605.04,143
19,40.69839895,-73.98068914,Nassau St & Navy St,4812.02,144
39,40.71625008,-74.0091059,Hudson St & Reade St,5359.10,146
29,40.720873600000004,-73.98085795,E 2 St & Avenue C,5476.03,150
33,40.72210378668603,-73.99724900722505,Cleveland Pl & Spring St,5492.05,151
23,40.69089272,-73.99612349,Henry St & Atlantic Ave,4531.05,157
35,40.72917025,-73.99810231,LaGuardia Pl & W 3 St,5721.14,161
47,40.75323098,-73.97032517,E 47 St & 2 Ave,6498.10,164
45,40.7489006,-73.97604882,E 39 St & 3 Ave,6389.03,167
47,40.73971301,-73.99456405,W 18 St & 6 Ave,6064.08,168
51,40.76068327096592,-73.98452728986742,Broadway & W 49 St,6708.02,173
30,40.7381765,-73.97738662,E 25 St & 1 Ave,6004.07,174
45,40.70905623,-74.01043382,Liberty St & Broadway,5105.01,195
28,40.74334935,-74.00681753,W 16 St & The High Line,6233.05,212
23,40.70037867,-73.99548059,Columbia Heights & Cranberry St,4829.01,216
39,40.70277159,-73.99383605,Old Fulton St,4903.08,217
33,40.73781509,-73.99994661,W 13 St & 7 Ave,6030.04,223
55,40.7546011026,-73.971878855,E 48 St & 3 Ave,6541.03,228
23,40.72743423,-73.99379025,Great Jones St,5636.11,229
23,40.69597683,-73.99014892,Cadman Plaza E & Tillary St,4677.01,232
39,40.7284186,-73.98713956,St Marks Pl & 2 Ave,5669.10,236
39,40.73047309,-73.98672378,E 11 St & 2 Ave,5746.04,237
31,40.7361967,-74.00859207,Bank St & Washington St,5964.01,238
31,40.69196566,-73.9813018,Willoughby St & Fleet St,4628.05,239
23,40.68981035,-73.97493121,DeKalb Ave & S Portland Ave,4546.04,241
23,40.697787,-73.973736,Carlton Ave & Flushing Ave,4732.08,242
31,40.688226,-73.979382,Fulton St & Rockwell Pl,4513.03,243
31,40.69196035,-73.96536851,Willoughby Ave & Hall St,4611.03,244
23,40.69327018,-73.97703874,Myrtle Ave & St Edwards St,4659.02,245
20,40.73535398,-74.00483091,Perry St & Bleecker St,5922.07,247
23,40.72185379,-74.00771779,Laight St & Hudson St,5539.06,248
27,40.71870987,-74.0090009,Harrison St & Hudson St,5400.05,249
27,40.72317958,-73.99480012,Mott St & Prince St,5561.04,251
33,40.73226398,-73.99852205,MacDougal St & Washington Sq,5797.01,252
31,40.73532427,-73.99800419,W 11 St & 6 Ave,5914.03,254
39,40.71939226,-74.00247214,Lispenard St & Broadway,5391.06,257
23,40.68940747,-73.96885458,DeKalb Ave & Vanderbilt Ave,4461.04,258
39,40.70122128,-74.01234218,South St & Whitehall St,4846.01,259
35,40.70365182,-74.01167797,Broad St & Bridge St,4962.08,260
27,40.69474881,-73.98362464,Johnson St & Gold St,4668.08,261
24,40.6917823,-73.97372990000001,Washington Park,4546.05,262
27,40.70706456,-74.00731853,Maiden Ln & Pearl St,5065.10,264
35,40.72229346,-73.99147535,Stanton St & Chrystie St,5523.02,265
24,40.72368361,-73.97574813,Avenue D & E 8 St,5506.10,266
57,40.75097711,-73.98765428,Broadway & W 36 St,6441.01,267
27,40.71910537,-73.99973337,Howard St & Centre St,5422.04,268
23,40.69308257,-73.97178913,Adelphi St & Myrtle Ave,4620.02,270
31,40.68691865,-73.976682,Lafayette Ave & Fort Greene Pl,4395.04,274
19,40.68650065,-73.96563307,Washington Ave & Greene Ave,4419.03,275
25,40.71748752,-74.0104554,Duane St & Greenwich St,5400.08,276
19,40.69766564,-73.98476437,Concord St & Bridge St,4781.03,278
36,40.707873,-74.00166999999999,Peck Slip & Front St,5098.10,279
31,40.73331967,-73.99510132,E 10 St & 5 Ave,5872.08,280
57,40.764397100000004,-73.97371465,Grand Army Plaza & Central Park S,6839.10,281
27,40.7076449441757,-73.96841526031494,Kent Ave & S 11 St,5062.01,282
51,40.73454567,-73.99074142,Broadway & E 14 St,5905.12,285
19,40.684568299999995,-73.95881081,Monroe St & Classon Ave,4336.01,289
20,40.713126,-73.984844,Madison St & Montgomery St,5262.09,291
55,40.73020660529954,-73.99102628231049,Lafayette St & E 8 St,5788.13,293
24,40.71406667,-73.99293911,Pike St & E Broadway,5270.05,295
35,40.71413089,-73.99704679999999,Division St & Bowery,5238.04,296
27,40.734232,-73.986923,E 15 St & 3 Ave,5863.07,297
35,40.68683208,-73.9796772,3 Ave & Schermerhorn St,4437.01,298
23,40.72082834,-73.97793172,Avenue D & E 3 St,5436.09,302
31,40.72362738,-73.99949601,Mercer St & Spring St,5532.01,303
33,40.70463334,-74.01361706,Broadway & Battery Pl,4962.01,304
33,40.76095756,-73.96724467,E 58 St & 3 Ave,6762.02,305
30,40.71427487,-73.98990025,Canal St & Rutgers St,5303.08,307
27,40.71307916,-73.99851193,St James Pl & Oliver St,5238.05,308
41,40.7149787,-74.013012,Murray St & West St,5329.06,309
36,40.68926942,-73.98912867,State St & Smith St,4565.06,310
31,40.7172274,-73.98802084,Norfolk St & Broome St,5374.01,311
31,40.722055,-73.989111,Allen St & Stanton St,5484.09,312
23,40.69610226,-73.96751037,Washington Ave & Park Ave,4724.03,313
39,40.69383,-73.990539,Cadman Plaza West & Montague St,4677.07,314
29,40.70355377,-74.00670227,South St & Gouverneur Ln,4953.04,315
43,40.70955958,-74.00653609,Fulton St & William St,5137.11,316
27,40.72453734,-73.98185424,E 6 St & Avenue B,5584.04,317
33,40.711065999999995,-74.009447,Fulton St & Broadway,5175.08,319
27,40.717571,-74.005549,Leonard St & Church St,5359.11,320
27,40.69991755,-73.98971773,Cadman Plaza E & Red Cross Pl,4821.06,321
31,40.696191999999996,-73.991218,Clinton St & Tillary St,4748.04,322
39,40.69236178,-73.98631746,Lawrence St & Willoughby St,4596.09,323
51,40.689888,-73.981013,DeKalb Ave & Hudson Ave,4513.06,324
35,40.73624527,-73.98473765,E 19 St & 3 Ave,5938.01,325
27,40.72953837,-73.98426726,E 11 St & 1 Ave,5746.14,326
39,40.715337899999994,-74.01658354,Vesey Pl & River Terrace,5297.02,327
23,40.72405549,-74.00965965,Watts St & Greenwich St,5578.02,328
39,40.71450451,-74.00562789,Reade St & Broadway,5247.10,330
27,40.71173107,-73.99193043,Pike St & Monroe St,5159.04,331
24,40.71219906,-73.97948148,Cherry St,5181.04,332
31,40.74238787,-73.99726235,W 20 St & 7 Ave,6182.02,334
27,40.72903917,-73.99404649,Washington Pl & Broadway,5755.01,335
36,40.73047747,-73.99906065,Sullivan St & Washington Sq,5721.01,336
37,40.703799200000006,-74.00838676,Old Slip & Front St,4993.12,337
24,40.72580614,-73.97422494,Avenue D & E 12 St,5575.08,339
27,40.71269042,-73.98776323,Madison St & Clinton St,5190.07,340
19,40.71782143,-73.97628939,Stanton St & Mangin St,5326.06,341
29,40.71739973,-73.98016555,Columbia St & Rivington St,5365.02,342
23,40.69794,-73.96986848,Clinton Ave & Flushing Ave,4762.04,343
23,40.6851443,-73.95380904,Monroe St & Bedford Ave,4368.05,344
35,40.73649403,-73.99704374,W 13 St & 6 Ave,5989.01,345
27,40.73652889,-74.00618026,Bank St & Hudson St,5922.08,346
35,40.728846000000004,-74.00859100000001,Greenwich St & W Houston St,5730.08,347
23,40.71850211,-73.98329859,Rivington St & Ridge St,5406.02,349
28,40.71559509,-73.9870295,Clinton St & Grand St,5303.06,350
39,40.70530954,-74.00612572,Front St & Maiden Ln,5024.08,351
27,40.68539567,-73.97431458,S Portland Ave & Hanson Pl,4354.05,353
23,40.69363137,-73.96223558,Emerson Pl & Myrtle Ave,4683.02,354
43,40.71602118,-73.99974372,Bayard St & Baxter St,5351.03,355
23,40.71622644,-73.98261206,Bialystoker Pl & Delancey St,5335.03,356
27,40.73261787,-73.99158043,E 11 St & Broadway,5829.12,357
36,40.73291553,-74.00711384,Christopher St & Greenwich St,5847.01,358
53,40.75510267,-73.97498696,E 47 St & Park Ave,6584.12,359
39,40.70717936,-74.00887308,William St & Pine St,5065.12,360
43,40.71605866,-73.99190759,Allen St & Hester St,5342.10,361
57,40.75172632,-73.98753523,Broadway & W 37 St,6441.02,362
49,40.70834698,-74.01713445,West Thames St,5114.06,363
27,40.68900443,-73.96023854,Lafayette Ave & Classon Ave,4452.01,364
31,40.68223166,-73.9614583,Fulton St & Grand Ave,4263.10,365
33,40.693261,-73.968896,Clinton Ave & Myrtle Ave,4651.02,366
39,40.73038599,-74.00214988,Carmine St & 6 Ave,5763.03,368
35,40.73224119,-74.00026394,Washington Pl & 6 Ave,5838.09,369
27,40.694546087246025,-73.95801365375519,Franklin Ave & Myrtle Ave,4715.01,372
19,40.69331716,-73.95381995,Willoughby Ave & Walworth St,4634.02,373
43,40.70862144,-74.00722156,John St & William St,5065.04,376
45,40.72243797,-74.00566443,6 Ave & Canal St,5500.07,377
42,40.749156,-73.9916,W 31 St & 7 Ave,6331.01,379
39,40.73401143,-74.00293877,W 4 St & 7 Ave S,5880.02,380
36,40.73492695,-73.99200509,University Pl & E 14 St,5905.11,382
39,40.735238,-74.000271,Greenwich Ave & Charles St,5914.08,383
43,40.71494807,-74.00234482,Centre St & Worth St,5279.03,386
39,40.71273266,-74.0046073,Centre St & Chambers St,5207.01,387
35,40.749717753,-74.002950346,W 26 St & 10 Ave,6382.05,388
27,40.71044554,-73.96525063,Broadway & Berry St,5164.04,389
31,40.69221589,-73.9842844,Duffield St & Willoughby St,4596.05,390
31,40.69760127,-73.99344559,Clark St & Henry St,4789.03,391
35,40.695065,-73.987167,Jay St & Tech Pl,4710.06,392
31,40.72299208,-73.97995466,E 5 St & Avenue C,5545.04,393
32,40.72521311,-73.97768752,E 9 St & Avenue C,5616.01,394
25,40.680342423,-73.9557689392,Lefferts Pl & Franklin Ave,4222.02,396
27,40.68415748,-73.96922273,Fulton St & Clermont Ave,4386.05,397
31,40.69165183,-73.99997859999999,Atlantic Ave & Furman St,4614.04,398
27,40.68851534,-73.9647628,Lafayette Ave & St James Pl,4494.04,399
15,40.71926081,-73.98178024,Pitt St & Stanton St,5406.04,400
42,40.72019576,-73.98997825,Allen St & Rivington St,5414.06,401
39,40.740343200000005,-73.98955109,Broadway & E 22 St,6098.07,402
31,40.72502876,-73.99069656,E 2 St & 2 Ave,5593.02,403
40,40.739323,-74.008119,Washington St & Gansevoort St,6039.06,405
34,40.69512845,-73.99595065,Hicks St & Montague St,4645.09,406
37,40.700469,-73.991454,Henry St & Poplar St,4861.04,407
23,40.71076228,-73.99400398,Market St & Cherry St,5198.04,408
19,40.6906495,-73.95643107,DeKalb Ave & Skillman St,4528.05,409
35,40.72066442,-73.98517977,Suffolk St & Stanton St,5445.02,410
23,40.72228087,-73.97668709,E 6 St & Avenue D,5506.14,411
29,40.715815500000005,-73.99422366,Forsyth St & Canal St,5270.07,412
24,40.70281858,-73.98765762,Pearl St & Anchorage Pl,4936.12,414
42,40.7047177,-74.00926027,Pearl St & Hanover Square,4993.02,415
31,40.68753406,-73.97265183,Cumberland St & Lafayette Ave,4428.02,416
23,40.71291224,-74.01020234,Barclay St & Church St,5216.04,417
23,40.70224,-73.982578,Front St & Gold St,4927.04,418
23,40.69580705,-73.97355569,Carlton Ave & Park Ave,4732.04,419
23,40.68764484,-73.96968902,Clermont Ave & Lafayette Ave,4461.01,420
19,40.69573398,-73.97129668,Clermont Ave & Park Ave,4692.01,421
55,40.770513,-73.988038,W 59 St & 10 Ave,7023.04,422
27,40.76584941,-73.98690506,W 54 St & 9 Ave,6920.03,423
29,40.71754834,-74.01322069,West St & Chambers St,5329.03,426
47,40.701907,-74.013942,Bus Slip & State St,4889.06,427
31,40.72621788,-73.98379855,E 7 St & Avenue A,5626.07,432
47,40.74173969,-73.99415556,W 21 St & 6 Ave,6140.05,435
27,40.68216564,-73.95399026,Hancock St & Bedford Ave,4255.05,436
24,40.6809833854,-73.9500479759,Macon St & Nostrand Ave,4214.03,437
23,40.72779126,-73.98564945,St Marks Pl & 1 Ave,5626.13,438
39,40.726280700000004,-73.98978041,E 4 St & 2 Ave,5593.04,439
32,40.75255434,-73.97282625,E 45 St & 3 Ave,6464.08,440
35,40.756014,-73.967416,E 52 St & 2 Ave,6575.06,441
51,40.746646999999996,-73.993915,W 27 St & 7 Ave,6247.06,442
23,40.70853074,-73.96408963,Bedford Ave & S 9 St,5093.01,443
39,40.74487634,-73.99529885,W 24 St & 7 Ave,6257.03,446
23,40.76370739,-73.9851615,8 Ave & W 52 St,6816.07,447
31,40.75660359,-73.9979009,W 37 St & 10 Ave,6611.02,448
59,40.76227205,-73.98788205,W 49 St & 8 Ave,6747.06,450
39,40.74475148,-73.99915362,W 22 St & 8 Ave,6224.03,453
35,40.75455731,-73.96592976,E 51 St & 1 Ave,6532.06,454
39,40.75001986,-73.96905301,1 Ave & E 44 St,6379.03,455
35,40.75971079999999,-73.97402311,E 53 St & Madison Ave,6659.03,456
39,40.76695317,-73.98169333,Broadway & W 58 St,6948.10,457
31,40.751396,-74.00522600000001,11 Ave & W 27 St,6425.04,458
49,40.746745000000004,-74.007756,W 20 St & 11 Ave,6306.07,459
23,40.71285887,-73.96590294,S 4 St & Wythe Ave,5204.05,460
39,40.73587678,-73.98205027,E 20 St & 2 Ave,5971.08,461
47,40.74691959,-74.00451887,W 22 St & 10 Ave,6306.06,462
39,40.75513557,-73.98658032,Broadway & W 41 St,6560.01,465
35,40.74395411,-73.99144871,W 25 St & 6 Ave,6215.04,466
34,40.68312489,-73.97895137,Dean St & 4 Ave,4322.02,467
49,40.7652654,-73.98192338,Broadway & W 56 St,6847.02,468
57,40.76344058,-73.98268129,Broadway & W 53 St,6779.05,469
38,40.74345335,-74.00004031,W 20 St & 8 Ave,6224.05,470
31,40.71286844,-73.95698119,Grand St & Havemeyer St,5267.08,471
41,40.745712100000006,-73.98194829,E 32 St & Park Ave,6280.12,472
38,40.72110063,-73.99192540000001,Rivington St & Chrystie St,5453.01,473
0,40.7451677,-73.98683077,5 Ave & E 29 St,6248.06,474
47,40.74394314,-73.97966069,E 31 St & 3 Ave,6239.08,476
59,40.75640548,-73.9900262,W 41 St & 8 Ave,6602.03,477
31,40.76030096,-73.99884222,11 Ave & W 41 St,6726.01,478
31,40.76019252,-73.9912551,9 Ave & W 45 St,6717.06,479
27,40.76669671,-73.99061728,W 53 St & 10 Ave,6890.01,480
25,40.71260486,-73.96264403,S 3 St & Bedford Ave,5235.05,481
39,40.73935542,-73.99931783,W 15 St & 7 Ave,6030.06,482
34,40.73223272,-73.98889957,E 12 St & 3 Ave,5788.12,483
44,40.75500254,-73.98014437,W 44 St & 5 Ave,6551.02,484
39,40.75038009,-73.98338988,W 37 St & 5 Ave,6398.06,485
39,40.7462009,-73.98855723,Broadway & W 29 St,6289.06,486
59,40.751551,-73.993934,8 Ave & W 33 St,6450.12,490
51,40.74096374,-73.98602213,E 24 St & Park Ave S,6131.10,491
61,40.75019995,-73.99093085,W 33 St & 7 Ave,6407.07,492
34,40.7568001,-73.98291153,W 45 St & 6 Ave,6593.13,493
35,40.74734825,-73.99723551,W 26 St & 8 Ave,6297.02,494
25,40.76269882,-73.99301222,W 47 St & 10 Ave,6824.07,495
47,40.73726186,-73.99238967,E 16 St & 5 Ave,6022.04,496
59,40.73704984,-73.99009296,E 17 St & Broadway,5980.07,497
30,40.74854862,-73.98808416,Broadway & W 32 St,6364.09,498
36,40.76915505,-73.98191841,Broadway & W 60 St,6948.11,499
52,40.76228826,-73.98336183,Broadway & W 51 St,6779.04,500
43,40.744219,-73.97121214,FDR Drive & E 35 St,6230.04,501
30,40.714215,-73.981346,Henry St & Grand St,5294.04,502
29,40.73827428,-73.98751968,E 20 St & Park Ave,6055.08,503
36,40.74901271,-73.98848395,6 Ave & W 33 St,6364.07,505
45,40.73912601,-73.97973776,E 25 St & 2 Ave,6046.02,507
24,40.76341379,-73.99667444,W 46 St & 11 Ave,6795.01,508
36,40.7454973,-74.00197139,9 Ave & W 22 St,6266.06,509
27,40.768254,-73.988639,W 56 St & 10 Ave,6955.01,513
52,40.76087502,-74.00277668,12 Ave & W 40 St,6765.01,514
35,40.76009437,-73.99461843,W 43 St & 10 Ave,6756.01,515
31,40.75206862,-73.96784384,E 47 St & 1 Ave,6498.09,516
59,40.751581,-73.97791,Pershing Square South,6432.08,517
39,40.74780373,-73.97344190000001,E 39 St & 2 Ave,6345.01,518
61,40.751872999999996,-73.97770600000001,Pershing Square North,6432.09,519
39,40.75992262,-73.97648516,W 52 St & 5 Ave,6700.01,520
47,40.75714758,-73.97207836,E 51 St & Lexington Ave,6659.01,522
51,40.75466591,-73.99138152,W 38 St & 8 Ave,6526.03,523
57,40.75527307,-73.98316936,W 43 St & 6 Ave,6593.14,524
39,40.75594159,-74.0021163,W 34 St & 11 Ave,6578.01,525
39,40.74765947,-73.98490707,E 33 St & 5 Ave,6322.01,526
39,40.74290902,-73.97706058,2 Ave & E 31 St,6197.02,528
41,40.75756989999999,-73.99098507,W 42 St & 8 Ave,6602.05,529
24,40.771522,-73.99054100000001,11 Ave & W 59 St,7059.01,530
39,40.71893904,-73.99266288,Forsyth St & Broome St,5453.05,531
43,40.710451,-73.960876,S 5 Pl & S 5 St,5125.03,532
46,40.75299641,-73.98721619,Broadway & W 38 St,6441.05,533
31,40.70255065,-74.0127234,Water - Whitehall Plaza,4962.04,534
29,40.74144387,-73.97536082,1 Ave & E 30 St,6079.03,536
31,40.71534825,-73.96024116,Metropolitan Ave & Bedford Ave,5308.04,539
30,40.74311555376486,-73.98215353488922,Lexington Ave & E 29 St,6164.09,540
27,40.736502,-73.97809472,E 23 St & 1 Ave,5929.01,545
38,40.74444921,-73.98303529,E 30 St & Park Ave S,6206.08,546
30,40.70255088,-73.98940236,Front St & Washington St,4936.01,2000
15,40.699773,-73.979927,Sands St & Navy St,4812.03,2001
27,40.716887,-73.96319799999999,Wythe Ave & Metropolitan Ave,5348.02,2002
39,40.73381219196632,-73.9805442094803,1 Ave & E 18 St,5854.09,2003
12,40.70531194,-73.97100056,Railroad Ave & Kay Ave,4990.01,2005
49,40.76590936,-73.97634151,Central Park S & 6 Ave,6876.04,2006
24,40.70569254,-74.01677685,Little West St & 1 Pl,5001.08,2008
35,40.71117444,-73.99682619,Catherine St & Monroe St,5128.04,2009
39,40.72165481,-74.00234737,Grand St & Greene St,5500.02,2010
36,40.739445,-73.97680600000001,E 27 St & 1 Ave,6004.06,2012
43,40.75929124,-73.98859651,W 45 St & 8 Ave,6676.02,2021
33,40.759107,-73.959223,E 60 St & York Ave,6682.08,2022
36,40.75968085,-73.97031366,E 55 St & Lexington Ave,6732.07,2023
25,40.711512,-74.01575600000001,South End Ave & Liberty St,5184.07,3002
47,40.72036775298455,-73.96165072917937,Kent Ave & N 7 St,5489.03,3016
24,40.67890679,-73.94142771,Kingston Ave & Herkimer St,4205.06,3041
19,40.6794268,-73.92989109999999,Fulton St & Utica Ave,4228.02,3042
19,40.6814598,-73.934903,Lewis Ave & Decatur St,4237.01,3043
27,40.6800105,-73.938475,Albany Ave & Fulton St,4237.02,3044
19,40.682601,-73.938037,Marcus Garvey Blvd & Macon St,4278.03,3046
21,40.682368700000005,-73.944118,Halsey St & Tompkins Ave,4319.07,3047
19,40.684020000000004,-73.94977,Putnam Ave & Nostrand Ave,4327.09,3048
18,40.68488,-73.96304,Cambridge Pl & Gates Ave,4377.04,3049
21,40.6851532,-73.94111,Putnam Ave & Throop Ave,4392.04,3050
23,40.686312,-73.935775,Lewis Ave & Madison St,4425.02,3052
23,40.6900815,-73.94791500000001,Marcy Ave & Lafayette Ave,4476.03,3053
19,40.6894932,-73.942061,Greene Ave & Throop Ave,4510.04,3054
23,40.68833370000001,-73.950916,Greene Ave & Nostrand Ave,4519.02,3055
23,40.69072549,-73.95133465,Kosciuszko St & Nostrand Ave,4519.04,3056
18,40.69128258,-73.9452416,Kosciuszko St & Tompkins Ave,4553.04,3057
24,40.69237074,-73.93705428,Lewis Ave & Kosciuszko St,4617.01,3058
19,40.693398200000004,-73.939877,Pulaski St & Marcus Garvey Blvd,4656.03,3059
19,40.69425403,-73.94626915,Willoughby Ave & Tompkins Ave,4665.02,3060
21,40.69622937,-73.94371094,Throop Ave & Myrtle Ave,4697.01,3061
23,40.69539817,-73.94954908,Myrtle Ave & Marcy Ave,4707.03,3062
20,40.69527008,-73.95238108,Nostrand Ave & Myrtle Ave,4707.04,3063
23,40.69681963,-73.93756926,Myrtle Ave & Lewis Ave,4729.01,3064
27,40.70029511,-73.95032283,Union Ave & Wallabout St,4818.03,3065
19,40.69957608,-73.94708417,Tompkins Ave & Hopkins St,4850.04,3066
27,40.7016657,-73.9437303,Broadway & Whipple St,4883.03,3067
24,40.7031724,-73.940636,Humboldt St & Varet St,4956.02,3068
25,40.70411791,-73.94818595,Lorimer St & Broadway,4965.01,3069
23,40.70510918,-73.94407279,McKibbin St & Manhattan Ave,4996.08,3070
19,40.70538077,-73.94976519,Boerum St & Broadway,5004.02,3071
24,40.70583339,-73.94644578,Leonard St & Boerum St,5036.06,3072
27,40.70691254,-73.95441667,Division Ave & Hooper St,5045.04,3073
31,40.70767788,-73.94016171,Montrose Ave & Bushwick Ave,5068.02,3074
33,40.70708701,-73.95796783,Division Ave & Marcy Ave,5084.03,3075
24,40.70870368,-73.9448625,Scholes St & Manhattan Ave,5108.01,3076
33,40.70877084,-73.95095259,Stagg St & Union Ave,5117.05,3077
27,40.70924826276157,-73.96063148975372,Broadway & Roebling St,5125.07,3078
21,40.709340000000005,-73.95608,S 4 St & Rodney St,5156.05,3080
23,40.711863,-73.944024,Graham Ave & Grand St,5178.06,3081
25,40.71167351,-73.95141312,Hope St & Union Ave,5187.03,3082
30,40.71247661,-73.94100005,Bushwick Ave & Powers St,5250.05,3083
0,40.714690000000004,-73.95739,Roebling St & N 4 St,5267.09,3085
25,40.715143,-73.944507,Graham Ave & Conselyea St,5291.05,3086
30,40.71413311,-73.95234386,Metropolitan Ave & Meeker Ave,5300.05,3087
19,40.7160751,-73.95202900000001,Union Ave & Jackson St,5300.06,3088
31,40.71774592,-73.95600096,N 8 St & Driggs Ave,5340.05,3090
31,40.71764,-73.94882,Frost St & Meeker St,5371.06,3091
27,40.7190095,-73.95852515,Berry St & N 8 St,5379.09,3092
28,40.71745169,-73.95850939,N 6 St & Bedford Ave,5379.10,3093
18,40.7169811,-73.94485918,Graham Ave & Withers St,5403.04,3094
23,40.71929301,-73.94500379,Graham Ave & Herbert St,5403.05,3095
39,40.71924,-73.95241999999999,Union Ave & N 12 St,5411.07,3096
39,40.724812564400175,-73.94752621650694,Nassau Ave & Newell St,5623.03,3100
27,40.72079821,-73.95484712,N 12 St & Bedford Ave,5450.04,3101
27,40.72179134,-73.95041540000001,Driggs Ave & Lorimer St,5481.04,3102
24,40.724055,-73.955736,N 15 St & Wythe Ave,5520.09,3105
19,40.72325,-73.94308000000001,Driggs Ave & N Henry St,5542.04,3106
39,40.72311651,-73.95212324,Bedford Ave & Nassau Ave,5550.05,3107
24,40.725570000000005,-73.94434,Nassau Ave & Russell St,5581.01,3108
31,40.72606,-73.95621,Banker St & Meserole Ave,5633.04,3109
27,40.72708584,-73.95299117,Meserole Ave & Manhattan Ave,5666.04,3110
33,40.72906,-73.95779,Milton St & Franklin St,5752.07,3112
26,40.730259999999994,-73.95394,Greenpoint Ave & Manhattan Ave,5785.05,3113
34,40.73232194,-73.9550858,India St & Manhattan Ave,5826.02,3115
35,40.732659999999996,-73.95826,Huron St & Franklin St,5869.04,3116
27,40.735640000000004,-73.95866,Franklin St & Dupont St,5944.01,3117
30,40.73555,-73.95284000000001,McGuinness Blvd & Eagle St,5977.01,3118
45,40.74232744,-73.95411749,Vernon Blvd & 50 Ave,6170.02,3119
20,40.741609999999994,-73.96044,Center Blvd & Borden Ave,6179.05,3120
27,40.74524768,-73.94733276,Jackson Ave & 46 Rd,6203.02,3121
31,40.74436328706688,-73.95587325096129,48 Ave & 5 St,6212.04,3122
27,40.74469738,-73.93540375,31 St & Thomson Ave,6227.02,3123
27,40.74731,-73.95451,46 Ave & 5 St,6286.02,3124
23,40.74708586,-73.94977234,45 Rd & 11 St,6319.01,3125
34,40.74718234,-73.9432635,44 Dr & Jackson Ave,6352.01,3126
35,40.74966,-73.9521,9 St & 44 Rd,6361.03,3127
23,40.75052534,-73.94594845,21 St & 43 Ave,6395.01,3128
31,40.75110165,-73.94073717,Queens Plaza North & Crescent St,6429.01,3129
31,40.75325964,-73.94335788,21 St & Queens Plaza North,6471.02,3130
31,40.76712840349542,-73.96224617958069,E 68 St & 3 Ave,6896.16,3131
35,40.76350532,-73.97109243,E 59 St & Madison Ave,6801.01,3132
51,40.76312584,-73.96526895,3 Ave & E 62 St,6762.04,3134
41,40.77112927,-73.95772297,E 75 St & 3 Ave,6991.12,3135
47,40.766368,-73.971518,5 Ave & E 63 St,6904.06,3136
31,40.77282817,-73.96685276,5 Ave & E 73 St,7100.07,3137
43,40.77118287540658,-73.96409422159195,E 72 St & Park Ave,6998.08,3139
55,40.77140426,-73.9535166,1 Ave & E 78 St,7020.09,3140
59,40.76500525,-73.95818491,1 Ave & E 68 St,6822.09,3141
41,40.761227399999996,-73.96094022,1 Ave & E 62 St,6753.08,3142
47,40.77632142182271,-73.96427392959596,5 Ave & E 78 St,7161.08,3143
46,40.77677702,-73.95900970000001,E 81 St & Park Ave,7188.10,3144
45,40.77862688,-73.95772073,E 84 St & Park Ave,7243.04,3145
47,40.77573034,-73.9567526,E 81 St & 3 Ave,7154.07,3146
39,40.77801203,-73.95407149,E 85 St & 3 Ave,7212.05,3147
31,40.77565541,-73.95068615,E 84 St & 1 Ave,7180.02,3148
47,40.77536905,-73.94803392,E 85 St & York Ave,7146.04,3150
43,40.7728384,-73.94989233,E 81 St & York Ave,7084.12,3151
42,40.76873687,-73.96119945,3 Ave & E 71 St,6960.10,3152
37,40.76817546742245,-73.95910263061523,E 71 St & 2 Ave,6925.08,3153
31,40.77314236,-73.95856158,E 77 St & 3 Ave,7092.06,3154
39,40.76440023,-73.96648977,Lexington Ave & E 63 St,6830.08,3155
37,40.76663814,-73.95348296,E 72 St & York Ave,6889.12,3156
27,40.77518615,-73.94446054,East End Ave & E 86 St,7113.08,3157
31,40.77163851,-73.98261428,W 63 St & Broadway,7052.01,3158
31,40.77492513,-73.98266566,W 67 St & Broadway,7116.04,3159
39,40.77896784,-73.97374737,Central Park West & W 76 St,7253.04,3160
59,40.7801839724239,-73.97728532552719,W 76 St & Columbus Ave,7281.09,3161
39,40.78339981,-73.98093133,W 78 St & Broadway,7311.07,3162
43,40.7734066,-73.97782542,Central Park West & W 68 St,7079.06,3163
67,40.7770575,-73.97898475,Columbus Ave & W 72 St,7175.05,3164
51,40.77579376683666,-73.97620573639871,Central Park West & W 72 St,7141.07,3165
41,40.780577990103346,-73.98562431335448,Riverside Dr & W 72 St,7288.04,3166
55,40.779668090073116,-73.98093044757842,Amsterdam Ave & W 73 St,7260.09,3167
31,40.78472675,-73.96961715,Central Park West & W 85 St,7354.02,3168
39,40.78720869,-73.98128127,Riverside Dr & W 82 St,7388.10,3169
35,40.78499979,-73.97283406,W 84 St & Columbus Ave,7382.04,3170
39,40.78524672,-73.97667321,Amsterdam Ave & W 82 St,7360.10,3171
27,40.7785669,-73.97754961,W 74 St & Columbus Ave,7230.10,3172
39,40.777507027547976,-73.98888587951659,Riverside Blvd & W 67 St,7183.03,3173
31,40.77748046,-73.98288594,W 70 St & Amsterdam Ave,7207.08,3175
63,40.7867947,-73.977112,W 84 St & Broadway,7409.08,3177
39,40.78414472,-73.98362492,Riverside Dr & W 78 St,7340.06,3178
23,40.698617,-73.941342,Park Ave & Marcus Garvey Blvd,4768.02,3179
0,40.69878,-73.99712,Brooklyn Bridge Park - Pier 2,4829.05,3180
42,40.686931,-74.016966,Yankee Ferry Terminal,4440.01,3182
30,40.7162469,-74.0334588,Exchange Place,JC001,3183
14,40.7141454,-74.0335519,Paulus Hook,JC002,3184
22,40.717732500000004,-74.04384499999999,City Hall,JC003,3185
42,40.71958611647166,-74.0431174635887,Grove St PATH,JC005,3186
22,40.721123600000006,-74.03805095,Warren St,JC006,3187
18,40.71821129999999,-74.08363940000001,Union St,JC051,3191
22,40.711242299999995,-74.0557013,Liberty Light Rail,JC052,3192
18,40.7246050998869,-74.07840594649316,Lincoln Park,JC053,3193
22,40.7253399253558,-74.06762212514876,McGinley Square,JC055,3194
38,40.730742625306576,-74.06378388404845,Sip Ave,JC056,3195
18,40.7443187,-74.04399090000001,Riverview Park,JC057,3196
18,40.748715945380226,-74.04044330120088,Heights Elevator,JC059,3198
14,40.728744799999994,-74.03210820000001,Newport Pkwy,JC008,3199
18,40.737711,-74.066921,Dey St,JC065,3201
18,40.7272235,-74.03375890000001,Newport PATH,JC066,3202
26,40.727595965999996,-74.044247311,Hamilton Park,JC009,3203
22,40.71653978099194,-74.0496379137039,JC Medical Center,JC011,3205
26,40.7311689,-74.0575736,Hilltop,JC019,3206
26,40.7376037,-74.05247829999999,Oakland Ave,JC022,3207
22,40.7241765,-74.05065640000001,Brunswick St,JC023,3209
18,40.742677141,-74.051788633,Pershing Field,JC024,3210
22,40.72152515,-74.046304543,Newark Ave,JC032,3211
22,40.734785818,-74.050443636,Christ Hospital,JC034,3212
22,40.71848892,-74.047726625,Van Vorst Park,JC035,3213
22,40.712774200000005,-74.03648570000001,Essex Light Rail,JC038,3214
18,40.73496102000952,-74.05950307846071,5 Corners Library,JC018,3220
27,40.743,-73.93561,47 Ave & 31 St,6151.03,3221
53,40.758996559605116,-73.96865397691727,E 55 St & 3 Ave,6691.12,3223
13,40.7236589,-74.0641943,Baldwin at Montgomery,JC020,3225
45,40.78275,-73.97137,W 82 St & Central Park West,7304.08,3226
39,40.76780080148132,-73.96592080593109,E 67 St & Park Ave,6932.14,3231
31,40.68962188790333,-73.98304268717766,Bond St & Fulton St,4479.06,3232
39,40.75724567911726,-73.97805914282799,E 48 St & 5 Ave,6626.01,3233
31,40.752165280621966,-73.97992193698882,E 41 St & Madison Ave,6474.12,3235
33,40.75898481399634,-73.99379968643187,W 42 St & Dyer Ave,6644.07,3236
19,40.686203000000006,-73.944694,Monroe St & Tompkins Ave,4434.06,3241
39,40.69102925677968,-73.99183362722397,Schermerhorn St & Court St,4565.04,3242
29,40.75892386377695,-73.96226227283478,E 58 St & 1 Ave,6682.03,3243
31,40.73143724085228,-73.99490341544151,University Pl & E 8 St,5755.14,3244
19,40.680356084043396,-73.94767910242079,Verona Pl & Fulton St,4124.04,3249
19,40.7505853470215,-73.9946848154068,8 Ave & W 31 St,6450.05,3255
22,40.7277140777778,-74.01129573583603,Pier 40 - Hudson River Park,5696.03,3256
37,40.750181563256824,-74.00218427181244,W 27 St & 10 Ave,6382.08,3258
27,40.74937024193277,-73.99923384189607,9 Ave & W 28 St,6416.08,3259
31,40.72706363348306,-73.99662137031554,Mercer St & Bleecker St,5679.05,3260
59,40.729514962249496,-73.99075269699097,Cooper Square & Astor Pl,5712.03,3263
14,40.7124188237569,-74.03852552175522,Morris Canal,JC072,3267
14,40.71346382669195,-74.06285852193831,Lafayette Park,JC078,3268
14,40.726011729646245,-74.0503889322281,Brunswick & 6th,JC081,3269
14,40.72528910781132,-74.04557168483734,Jersey & 6th St,JC027,3270
14,40.723331586464354,-74.04595255851744,Jersey & 3rd,JC074,3272
18,40.72165072487999,-74.04288411140442,Manila & 1st,JC082,3273
14,40.71835519823214,-74.03891444206238,Columbus Drive,JC014,3275
26,40.71458403535893,-74.04281705617905,Marin Light Rail,JC013,3276
14,40.71435836870427,-74.06661093235016,Communipaw & Berry Lane,JC084,3277
14,40.72568548362901,-74.0487903356552,Monmouth and 6th,JC075,3278
18,40.72163014263835,-74.04996782541275,Dixon Mills,JC076,3279
14,40.71928220070703,-74.07126188278198,Astor Place,JC077,3280
14,40.74590996631558,-74.05727148056029,Leonard Gordon Park,JC080,3281
38,40.78307,-73.95939,5 Ave & E 88 St,7323.10,3282
47,40.7882213,-73.97041561,W 89 St & Columbus Ave,7432.09,3283
38,40.781410700190015,-73.95595908164978,E 88 St & Park Ave,7293.10,3284
43,40.78839,-73.9747,W 87 St & Amsterdam Ave,7458.03,3285
39,40.7806284,-73.9521667,E 89 St & 3 Ave,7265.10,3286
39,40.778301,-73.9488134,E 88 St & 1 Ave,7235.13,3288
32,40.79017948095081,-73.97288918495178,W 90 St & Amsterdam Ave,7432.04,3289
35,40.7779453,-73.94604100000001,E 89 St & York Ave,7204.08,3290
43,40.785785100000005,-73.957481,5 Ave & E 93 St,7372.10,3292
24,40.7921,-73.9739,W 92 St & Broadway,7502.01,3293
38,40.7835016,-73.955327,E 91 St & Park Ave,7344.05,3294
59,40.791270000000004,-73.964839,Central Park W & W 96 St,7499.05,3295
42,40.78245417527987,-73.94891962409021,E 93 St & 2 Ave,7286.02,3296
21,40.668662700000006,-73.97988067,6 St & 7 Ave,3834.10,3297
23,40.686371,-73.99383324,Warren St & Court St,4413.08,3298
25,40.788129999999995,-73.95206,E 98 St & Park Ave,7443.17,3299
25,40.66514681533792,-73.97637605667114,Prospect Park West & 8 St,3722.04,3300
0,40.7919557,-73.968087,Columbus Ave & W 95 St,7520.07,3301
22,40.7969347,-73.9643412291,Columbus Ave & W 103 St,7595.17,3302
25,40.6849894,-73.99440329,Butler St & Court St,4339.01,3303
27,40.668127,-73.98377641,6 Ave & 9 St,3803.09,3304
39,40.781122299341654,-73.94965589046478,E 91 St & 2 Ave,7286.01,3305
23,40.666207799999995,-73.98199886,10 St & 7 Ave,3762.08,3306
31,40.7941654,-73.974124,West End Ave & W 94 St,7524.09,3307
27,40.686175799999994,-73.99645295,Kane St & Clinton St,4455.11,3308
30,40.7859201,-73.94860294,E 97 St & 3 Ave,7365.08,3309
24,40.663779,-73.98396846,14 St & 7 Ave,3731.11,3310
21,40.68763155,-74.0016256,Columbia St & Kane St,4422.05,3311
39,40.78172120000001,-73.94594000000001,1 Ave & E 94 St,7286.05,3312
29,40.666318100000005,-73.9854617,6 Ave & 12 St,3803.05,3313
32,40.7937704,-73.971888,W 95 St & Broadway,7541.01,3314
23,40.684751399999996,-73.99917254,Henry St & Degraw St,4380.08,3315
24,40.6686273,-73.98700053,10 St & 5 Ave,3842.08,3317
39,40.7839636,-73.94716729999999,2 Ave & E 96 St,7338.02,3318
21,40.666287,-73.98895053,14 St & 5 Ave,3771.06,3319
49,40.794066608185524,-73.96286845207214,Central Park West & W 100 St,7538.12,3320
25,40.683116399999996,-73.99785267,Clinton St & Union St,4266.03,3321
25,40.668603000000004,-73.99043940000001,12 St & 4 Ave,3882.01,3322
59,40.798185600000004,-73.96059090060001,W 106 St & Central Park West,7606.01,3323
25,40.6685455,-73.99333264,3 Ave & 14 St,3850.03,3324
21,40.67434,-74.00194698,Clinton St & Centre St,4045.01,3326
27,40.787721399999995,-73.94728331,3 Ave & E 100 St,7414.17,3327
39,40.795,-73.9645,W 100 St & Manhattan Ave,7538.14,3328
27,40.6829151,-73.99318208,Degraw St & Smith St,4298.05,3329
19,40.672505799999996,-74.00494695,Henry St & Bay St,3972.08,3330
39,40.8013434,-73.97114574390001,Riverside Dr & W 104 St,7623.13,3331
19,40.68199044270703,-73.99079024791719,Degraw St & Hoyt St,4258.07,3332
21,40.6747055,-74.00755720000001,Columbia St & Lorraine St,4103.08,3333
28,40.6772744,-73.98282002,Union St & 4 Ave,4175.15,3335
41,40.787801,-73.953559,E 97 St & Madison Ave,7393.09,3336
23,40.67363551341504,-74.01195555925368,Dwight St & Van Dyke St,3981.10,3337
31,40.786258600000004,-73.94552579,2 Ave & E 99 St,7386.10,3338
23,40.6765304,-73.97846879,Berkeley Pl & 6 Ave,4134.06,3339
21,40.6753274,-74.0100698,Wolcott St & Dwight St,4054.02,3340
41,40.795346,-73.96186,Central Park West & W 102 St,7577.24,3341
23,40.677774799999995,-74.0094613,Pioneer St & Richards St,4128.08,3342
23,40.7997568,-73.9621128676,W 107 St & Columbus Ave,7619.05,3343
19,40.679043,-74.011169,Pioneer St & Van Brunt St,4169.04,3344
35,40.78948541553215,-73.9524292945862,Madison Ave & E 99 St,7443.01,3345
29,40.675146838709786,-73.9752320945263,Berkeley Pl & 7 Ave,4051.01,3346
21,40.6773429,-74.01275056,Van Brunt St & Wolcott St,4095.03,3347
19,40.677236,-74.015665,Coffey St & Conover St,4137.10,3348
30,40.6729679,-73.97087984,Grand Army Plaza & Plaza St West,4010.15,3349
39,40.797372100000004,-73.97041192,W 100 St & Broadway,7580.01,3350
25,40.7869946,-73.94164802,E 102 St & 1 Ave,7407.13,3351
21,40.67267243410948,-74.00879524648191,Sigourney St & Columbia St,3940.04,3352
31,40.668132,-73.97363831,3 St & Prospect Park West,3865.05,3354
25,40.768008893059466,-73.96845281124116,E 66 St & Madison Ave,6969.08,3355
21,40.7746671,-73.98470567,Amsterdam Ave & W 66 St,7149.05,3356
35,40.80083629999999,-73.9664492472,W 106 St & Amsterdam Ave,7634.01,3357
25,40.671197799999995,-73.97484126,Garfield Pl & 8 Ave,3978.13,3358
35,40.7691572,-73.96703464,E 68 St & Madison Ave,6932.15,3359
25,40.7829391,-73.9786517,Amsterdam Ave & W 79 St,7311.02,3360
23,40.6740886,-73.9787282,Carroll St & 6 Ave,4019.06,3361
34,40.7781314,-73.96069399,Madison Ave & E 82 St,7188.13,3362
33,40.7904828,-73.95033068,E 102 St & Park Ave,7488.24,3363
27,40.6751622,-73.9814832,Carroll St & 5 Ave,4060.09,3364
27,40.67038370000001,-73.97839676,3 St & 7 Ave,3905.15,3365
31,40.8021174,-73.9681805305,West End Ave & W 107 St,7650.05,3366
39,40.792255299999994,-73.95249933,5 Ave & E 103 St,7511.19,3367
30,40.672815500000006,-73.98352355,5 Ave & 3 St,3987.06,3368
29,40.7724607,-73.9468208,E 82 St & East End Ave,7049.04,3369
25,40.7727966,-73.95577801,E 78 St & 2 Ave,7057.07,3370
27,40.674613422475815,-73.98501142859459,4 Ave & 2 St,4028.05,3371
39,40.7689738,-73.95482273,E 74 St & 1 Ave,6953.08,3372
27,40.675070500000004,-73.98775226,3 St & 3 Ave,4028.03,3373
36,40.799484,-73.955613,Central Park North & Adam Clayton Powell Blvd,7617.07,3374
35,40.7699426,-73.96060712,3 Ave & E 72 St,7028.04,3375
39,40.76471851944339,-73.96222069859505,E 65 St & 2 Ave,6860.12,3376
25,40.6786115,-73.99037292,Carroll St & Bond St,4184.07,3377
28,40.773763,-73.96222088,E 76 St & Park Ave,7128.08,3378
35,40.790305100000005,-73.94755757,E 103 St & Lexington Ave,7463.09,3379
21,40.6777287,-73.99364123,3 St & Hoyt St,4110.10,3381
31,40.680611,-73.99475825,Carroll St & Smith St,4225.14,3382
25,40.804213,-73.96699104,Cathedral Pkwy & Broadway,7680.03,3383
25,40.678724200000005,-73.99599099,Smith St & 3 St,4151.01,3384
27,40.6809591,-73.99905709,1 Pl & Clinton St,4193.14,3386
25,40.79343370000001,-73.94945003,E 106 St & Madison Ave,7528.31,3387
25,40.6828003,-73.99990419,President St & Henry St,4307.13,3388
28,40.6830456,-74.00348559,Carroll St & Columbia St,4348.07,3389
24,40.79329668,-73.9432083,E 109 St & 3 Ave,7504.12,3390
25,40.7892529,-73.93956237,E 106 St & 1 Ave,7456.03,3391
19,40.681211700000006,-74.00860912,Commerce St & Van Brunt St,4243.01,3392
19,40.67943270000001,-74.00785041,Richards St & Delavan St,4202.04,3393
21,40.6769993,-74.00647134,Columbia St & W 9 St,4086.05,3394
25,40.6783563,-74.00014502,Clinton St & 4 Place,4119.04,3396
25,40.6763947,-73.99869893,Court St & Nelson St,4077.07,3397
23,40.67469570000001,-73.99785768,Smith St & 9 St,4077.04,3398
24,40.67260298150126,-73.98983001708984,7 St & 3 Ave,3996.01,3399
24,40.796153499999996,-73.94782145,E 110 St & Madison Ave,7587.14,3400
19,40.6724811,-73.99331394,2 Ave & 9 St,3996.04,3401
23,40.6902375,-73.99203074,Court St & State St,4488.08,3402
31,40.6705135,-73.98876585,4 Ave & 9 St,3955.05,3403
27,40.670492200000005,-73.98541675,7 St & 5 Ave,3914.02,3404
23,40.670483600000004,-73.98208968,5 St & 6 Ave,3874.01,3405
23,40.67909799721684,-73.98765474557877,Union St & Nevins St,4143.03,3407
27,40.6881529,-73.99520919,Congress St & Clinton St,4455.07,3408
35,40.686744299999994,-73.99063168,Bergen St & Smith St,4446.01,3409
31,40.686444200000004,-73.98759104,Dean St & Hoyt St,4446.05,3410
27,40.6849668,-73.98620772,Bond St & Bergen St,4404.10,3411
18,40.6853761,-73.98302136,Pacific St & Nevins St,4362.04,3412
22,40.6827549,-73.98258555,Wyckoff St & 3 Ave,4290.06,3413
33,40.680944723477296,-73.97567331790923,Bergen St & Flatbush Ave,4281.08,3414
25,40.6793307,-73.97519523,Prospect Pl & 6 Ave,4166.08,3415
27,40.6795766,-73.97854971,Baltic St & 5 Ave,4208.11,3417
33,40.675020700000005,-73.97111473,Plaza St West & Flatbush Ave,4010.13,3418
27,40.67927879999999,-73.98154004,Douglass St & 4 Ave,4175.14,3419
21,40.6802133,-73.98432695,Douglass St & 3 Ave,4217.02,3420
23,40.6843549,-73.98901629,Hoyt St & Warren St,4330.09,3421
21,40.6859296,-74.00242364,Columbia St & Degraw St,4422.04,3422
29,40.6610633719006,-73.97945255041121,West Drive & Prospect Park West,3651.04,3423
27,40.791976,-73.945993,E 106 St & Lexington Ave,7504.18,3424
33,40.789210499999996,-73.94370784,2 Ave & E 104 St,7436.11,3425
40,40.72430527250332,-73.99600982666016,Lafayette St & Jersey St,5561.08,3427
39,40.68506807308177,-73.97790759801863,Hanson Pl & Ashland Pl,4395.07,3429
19,40.71907891179564,-73.94223690032959,Richardson St & N Henry St,5433.03,3430
23,40.746524,-73.977885,E 35 St & 3 Ave,6313.02,3431
35,40.790254173304184,-73.97718340158461,W 88 St & West End Ave,7484.07,3434
45,40.718821999999996,-73.99596,Grand St & Elizabeth St,5382.06,3435
39,40.793134809866636,-73.97700369358063,Riverside Dr & W 91 St,7524.16,3437
43,40.692418292578466,-73.98949474096298,Fulton St & Adams St,4637.06,3440
41,40.76132983124814,-73.97982001304626,W 52 St & 6 Ave,6740.01,3443
18,40.72146256229816,-73.94800901412964,Eckford St & Engert Ave,5512.05,3449
43,40.71915571696044,-73.94885390996933,Bayard St & Leonard St,5442.05,3452
19,40.71335226222875,-73.9491033554077,Devoe St & Lorimer St,5259.06,3453
24,40.71036854235229,-73.94705951213838,Leonard St & Maujer St,5148.03,3454
22,40.716380319735606,-73.94821286201476,Jackson St & Leonard St,5332.10,3456
46,40.763025942805186,-73.97209525108337,E 58 St & Madison Ave,6839.04,3457
40,40.76309387270797,-73.97835016250609,W 55 St & 6 Ave,6809.08,3458
34,40.75763227739443,-73.9693057537079,E 53 St & 3 Ave,6617.02,3459
33,40.71485150526252,-74.01122331619263,Murray St & Greenwich St,5288.12,3461
39,40.75118387463277,-73.97138714790343,E 44 St & 2 Ave,6422.09,3462
37,40.735367055605394,-73.98797392845155,E 16 St & Irving Pl,5938.11,3463
42,40.72494672359416,-74.00165855884552,W Broadway & Spring Street,5569.06,3467
23,40.73181401720966,-73.95995020866394,India St & West St,5794.03,3469
39,40.742753828659026,-74.00747358798982,W 15 St & 10 Ave,6115.09,3472
36,40.7252556952547,-74.00412082672119,6 Ave & Spring St,5610.10,3474
33,40.65539977447831,-74.0106278657913,39 St & 2 Ave - Citi Bike HQ at Industry City,3501.01,3477
43,40.65708866668485,-74.00870203971863,2 Ave & 36 St - Citi Bike HQ at Industry City,3460.01,3478
45,40.68512559515415,-74.02535319328308,Picnic Point,4374.01,3479
22,40.71649,-74.04105,York St,JC096,3481
14,40.71942,-74.05099,Montgomery St,JC099,3483
30,40.68841742754083,-73.98451656103134,Schermerhorn St & Bond St,4479.08,3486
31,40.710699946313866,-74.00354146957396,Gold St & Frankfort St,5137.12,3489
31,40.796879,-73.93726099999999,E 116 St & 2 Ave,7563.06,3490
24,40.797470000000004,-73.93504,E 118 St & 1 Ave,7596.10,3491
27,40.8005385,-73.9419949,E 118 St & Park Ave,7625.18,3492
31,40.799139000000004,-73.9389152,E 118 St & 3 Ave,7611.02,3493
25,40.797911,-73.9423,E 115 St & Lexington Ave,7599.09,3494
26,40.79456629999999,-73.9362541,E 114 St & 1 Ave,7540.02,3495
25,40.7923272,-73.9383,1 Ave & E 110 St,7522.02,3496
23,40.794987899999995,-73.9333349,Pleasant Ave & E 116 St,7450.05,3497
21,40.7974772,-73.9311847,Pleasant Ave & E 120 St,7579.01,3498
25,40.8006721,-73.9349,2 Ave & E 122 St,7622.12,3499
31,40.7989445,-73.944846,E 115 St & Madison Ave,7599.02,3500
29,40.801486600000004,-73.9442507,E 118 St & Madison Ave,7640.04,3501
29,40.79541210000001,-73.9441232,Lexington Ave & E 111 St,7567.06,3502
30,40.80295,-73.942954,Madison Ave & E 120 St,7667.04,3503
27,40.802926299999996,-73.9379,E 123 St & Lexington Ave,7636.05,3504
33,40.805726,-73.936322,Lexington Ave & E 127 St,7662.13,3505
29,40.8013066,-73.93981670000001,Lexington Ave & E 120 St,7652.04,3506
36,40.8045555,-73.93968609999999,Park Ave & E 124 St,7682.01,3507
31,40.809725,-73.953149,St Nicholas Ave & Manhattan Ave,7723.01,3508
31,40.8011939,-73.9500739,Lenox Ave & W 115 St,7627.10,3509
31,40.8078316,-73.949373,Adam Clayton Powell Blvd & W 123 St,7704.04,3510
22,40.802535,-73.9532423,Adam Clayton Powell Blvd & W 115 St,7643.18,3511
19,40.7747175,-73.93378940000001,27 Ave & 4 St,7132.01,3512
21,40.774645,-73.92370600000001,21 St & Hoyt Ave S,7126.01,3513
23,40.7767,-73.927631,Astoria Park S & Shore Blvd,7159.08,3514
19,40.774591,-73.918544,24 Ave & 26 St,7152.10,3515
31,40.76991760000001,-73.91840570000001,31 St & Astoria Blvd,6989.07,3516
35,40.771152799999996,-73.9170074,31 St & Hoyt Ave N,7018.01,3517
34,40.808442,-73.94520870000001,Lenox Ave & W 126 St,7720.03,3518
0,40.764258,-73.911239,28 Ave & 43 St,6812.12,3519
27,40.804372,-73.951475,Adam Clayton Powell Blvd & W 118 St,7670.09,3520
36,40.7987859,-73.9523,Lenox Ave & W 111 St,7602.05,3521
19,40.7701477,-73.9120938,37 St & 24 Ave,6981.16,3522
25,40.7729,-73.91614200000001,24 Ave & 29 St,7119.04,3523
23,40.777455200000006,-73.9225403,19 St & 24 Ave,7186.15,3524
21,40.776165,-73.9153175,23 Ave & 27 St,7178.02,3525
27,40.7747878,-73.91255509999999,31 St & 23 Ave,7144.01,3526
27,40.806979999999996,-73.94174699999999,5 Ave & E 126 St,7701.19,3527
20,40.771393700000004,-73.9077436,Steinway St & 23 Ave,7009.02,3528
25,40.8107922,-73.9430681,Lenox Ave & W 130 St,7753.13,3529
19,40.7787185,-73.9145645,Crescent St & Ditmars Blvd,7233.05,3530
27,40.8125511,-73.9492286,Frederick Douglass Blvd & W 129 St,7795.09,3531
27,40.78145,-73.9183302,Ditmars Blvd & 19 St,7291.06,3532
34,40.8114323,-73.95187759999999,St. Nicholas Ave & W 126 St,7756.10,3533
39,40.805159,-73.95469200000001,Frederick Douglass Blvd & W 117 St,7688.12,3534
27,40.804038,-73.945925,Mt Morris Park W & W 120 St,7685.14,3535
43,40.8082,-73.9641,W 116 St & Broadway,7713.11,3536
29,40.68097410000001,-73.97100970000001,Carlton Ave & Dean St,4199.12,3537
45,40.802692,-73.96295,W 110 St & Amsterdam Ave,7646.04,3538
43,40.8067581,-73.9607082,W 116 St & Amsterdam Ave,7692.11,3539
35,40.81,-73.9551508,Morningside Ave & W 123 St,7741.01,3540
39,40.813358,-73.956461,Amsterdam Ave & W 125 St,7800.03,3541
29,40.8086249,-73.9596214,Amsterdam Ave & W 119 St,7727.07,3542
35,40.81028506306003,-73.95736455917357,Morningside Dr & Amsterdam Ave,7741.04,3543
27,40.6804836,-73.9646795,Underhill Ave & Pacific St,4231.04,3544
33,40.8120562,-73.9612547,Broadway & W 122 St,7783.18,3545
21,40.67919439999999,-73.95879029999999,Pacific St & Classon Ave,4148.07,3546
41,40.8143256,-73.9590255,Broadway & Moylan Pl,7823.03,3547
25,40.678045000000004,-73.962408,Grand Ave & Bergen St,4190.06,3549
23,40.795508,-73.94160600000001,3 Ave & E 112 St,7543.15,3551
39,40.805973,-73.964928,W 113 St & Broadway,7713.01,3552
37,40.801694,-73.957145,Frederick Douglass Blvd & W 112 St,7631.23,3553
27,40.7552433,-73.94856779999999,Vernon Blvd & 41 Rd,6514.08,3554
27,40.751047,-73.93796999999999,28 St & 41 Ave,6462.19,3555
19,40.752708500000004,-73.9397405,24 St & 41 Ave,6505.01,3556
19,40.75742,-73.945133,40 Ave & 9 St,6664.05,3557
27,40.6794388,-73.96804379999999,Bergen St & Vanderbilt Ave,4157.10,3558
19,40.7576314,-73.9391224,21 St & 38 Ave,6656.05,3559
19,40.754876,-73.934326,28 St & 38 Ave,6538.03,3560
26,40.7531106,-73.9279917,37 Ave & 35 St,6529.02,3561
27,40.676519799999994,-73.9596082,Classon Ave & St Marks Ave,4074.03,3562
21,40.757186,-73.93271899999999,28 St & 36 Ave,6614.01,3563
19,40.760185299999996,-73.9362726,21 St & 36 Ave,6729.02,3564
19,40.7614376,-73.9411265,36 Ave & 10 St,6737.03,3565
25,40.7596276,-73.93214549999999,Crescent St & 35 Ave,6688.01,3566
19,40.76274420000001,-73.9391141,11 St & 35 Ave,6768.04,3567
21,40.756933200000006,-73.92622309999999,34 St & 35 Ave,6605.08,3568
29,40.6758324,-73.95616770000001,Franklin Ave & St Marks Ave,4107.05,3569
31,40.7557327,-73.92366109999999,35 Ave & 37 St,6563.12,3570
24,40.676368,-73.95291800000001,Bedford Ave & Bergen St,4066.15,3571
33,40.756913,-73.921631,34 Ave & 38 St,6638.01,3572
25,40.7580583,-73.92427509999999,35 St & 34 Ave,6679.11,3573
23,40.6769694,-73.96579,Prospect Pl & Underhill Ave,4116.08,3574
19,40.76108,-73.930562,Crescent St & 34 Ave,6759.15,3575
27,40.6767,-73.969024,Park Pl & Vanderbilt Ave,4083.13,3576
23,40.762813799999996,-73.9342862,34 Ave & 21 St,6798.01,3577
21,40.67418060000001,-73.95649470000001,Park Pl & Franklin Ave,4033.06,3578
25,40.672695000000004,-73.954131,Sterling Pl & Bedford Ave,3993.03,3579
30,40.6737236,-73.9631611,St Johns Pl & Washington Ave,4001.09,3580
27,40.674012299999994,-73.9671457,Underhill Ave & Lincoln Pl,4042.08,3581
28,40.672168299999996,-73.9609,Lincoln Pl & Classon Ave,3960.01,3582
31,40.6716493,-73.9631145,Eastern Pkwy & Washington Ave,3928.08,3583
42,40.670776700000005,-73.9576801,Eastern Pkwy & Franklin Ave,3919.07,3584
24,40.6691783,-73.9554162,Union St & Bedford Ave,3879.04,3585
19,40.763875299999995,-73.9364848,34 Ave & 13 St,6836.07,3586
27,40.6686744,-73.9618148,Carroll St & Washington Ave,3887.03,3587
21,40.7671863,-73.9373554,Vernon Blvd & 10 St,6937.07,3588
19,40.7668,-73.93477740000002,Broadway & 12 St,6901.01,3589
19,40.6679411,-73.9588,Carroll St & Franklin Ave,3847.04,3590
21,40.7659,-73.930819,21 St & 31 Dr,6865.03,3591
19,40.7633589,-73.92864709999999,Crescent St & Broadway,6827.11,3592
35,40.761584,-73.925921,31 St & Broadway,6789.04,3593
18,40.760339,-73.9222427,35 St & Broadway,6750.16,3595
19,40.6642406,-73.9574686,Sullivan Pl & Bedford Ave,3736.04,3596
25,40.7577284,-73.9166368,43 St & Broadway,6670.03,3597
19,40.7595701,-73.91426779999999,Newton Rd & 44 St,6743.06,3598
27,40.663140000000006,-73.96056949999999,Franklin Ave & Empire Blvd,3704.01,3599
19,40.6627059,-73.9569115,Sterling St & Bedford Ave,3665.06,3601
23,40.763154,-73.920827,31 Ave & 34 St,6819.15,3602
21,40.7647,-73.9240312,31 Ave & 30 St,6857.09,3603
17,40.6630619,-73.95387459999999,Rogers Ave & Sterling St,3696.05,3604
21,40.765834600000005,-73.9265474,31 Ave & Crescent St,6893.10,3605
21,40.74252,-73.948852,49 Ave & 21 St,6128.04,3606
19,40.7682,-73.9322662,31 Ave & 14 St,6966.04,3607
21,40.7423737,-73.9566,5 St & 51 Ave,6137.04,3608
23,40.7692475,-73.93545040000001,Vernon Blvd & 31 Ave,7003.06,3609
27,40.770845,-73.93417099999999,Vernon Blvd & 30 Rd,7003.03,3610
31,40.7449067,-73.9534573,Vernon Blvd & 47 Rd,6212.08,3611
15,40.77037429999999,-73.9286078,30 Ave & 21 St,6996.01,3612
27,40.745038,-73.957539,Center Blvd & 48 Ave,6254.06,3613
23,40.768692,-73.9249574,Crescent St & 30 Ave,6958.06,3614
21,40.748000000000005,-73.94609270000001,44 Dr & 21 St,6278.04,3615
25,40.7656251,-73.9136695,Steinway St & 28 Ave,6915.02,3616
27,40.7671,-73.9169858,28 Ave & 35 St,6951.03,3617
25,40.7485,-73.941275,27 St & Hunter St,6310.06,3618
19,40.7713615,-73.9246145,Newtown Ave & 23 St,7026.08,3619
23,40.7519071,-73.94791190000001,11 St & 43 Ave,6438.04,3620
19,40.7739825,-73.93091340000001,27 Ave & 9 St,7098.05,3621
15,40.807559999999995,-73.93918199999999,E 128 St & Madison Ave,7735.23,3622
39,40.8109494,-73.9634,W 120 St & Claremont Ave,7745.07,3623
2,40.752575799999995,-73.9364281,28 St & 40 Ave,6462.17,3625
31,40.8025566,-73.9490782,Lenox Ave & W 117 St,7655.22,3628
33,40.809495347779475,-73.94776493310928,Adam Clayton Powell Blvd & W 126 St,7738.04,3629
33,40.8038654,-73.95593079999999,Frederick Douglass Blvd & W 115 St,7658.13,3630
27,40.666563000000004,-73.95674100000001,Crown St & Bedford Ave,3808.06,3631
31,40.728048571362606,-73.97881150245668,E 12 St & Avenue B,5659.10,3632
0,40.754623240291046,-73.99516761302948,W 36 St & 9 Ave,6569.07,3635
31,40.68323865460341,-73.96599590778352,Fulton St & Waverly Ave,4345.11,3637
18,40.7242941,-74.0354826,Washington St,JC098,3638
30,40.71925170000001,-74.034234,Harborside,JC104,3639
18,40.733670000000004,-74.0625,Journal Square,JC103,3640
54,40.74286877312112,-73.98918628692627,Broadway & W 25 St,6173.08,3641
26,40.763154819103725,-73.93985509872438,35 Ave & 10 St,6806.06,3646
23,40.74128309355993,-73.93725872039794,48 Ave & 30 Pl,6076.01,3647
25,40.69795031569544,-73.97077560424805,Flushing Ave & Vanderbilt Ave,4762.05,3648
30,40.81439443791581,-73.95324736833571,W 129 St & Convent Ave,7818.17,3649
19,40.75820464696758,-73.92832159996033,31 St & 35 Ave,6647.10,3653
35,40.75186951421875,-73.93349289894103,31 St & Northern Blvd,6495.17,3654
31,40.72307749068673,-73.98583620786667,E 2 St & Avenue A,5553.10,3656
23,40.7435337324616,-74.00367558002472,W 18 St & 9 Ave,6190.03,3658
25,40.7429489166009,-74.00413691997528,W 17 St & 9 Ave,6190.06,3659
39,40.74102150900266,-74.001384973526,W 16 St & 8 Ave,6148.01,3660
19,40.666439306870814,-73.96055638790129,Montgomery St & Franklin Ave,3776.05,3661
21,40.76129389728909,-73.916916847229,31 Ave & Steinway St,6782.07,3662
25,40.67716489469059,-73.97382795810701,Sterling Pl & 7 Ave,4125.12,3663
30,40.72019521437465,-74.0103006362915,North Moore St & Greenwich St,5470.12,3664
35,40.7664255270288,-73.92062902450563,32 St & 30 Ave,6923.18,3666
26,40.7239567849954,-73.94984364509583,Leonard St & Nassau Ave,5550.09,3668
19,40.67630357634183,-74.00314047932625,Henry St & W 9 St,4119.05,3669
37,40.77477944895728,-73.95427465438844,E 81 St & 2 Ave,7121.05,3671
21,40.67759206937376,-73.95563721656801,Dean St & Franklin Ave,4107.13,3673
27,40.70140317257725,-73.98672670125961,Jay St & York St,4895.09,3674
31,40.784596798848916,-73.94968539476396,3 Ave & E 95 St,7365.15,3675
24,40.675832943912894,-74.01472628116608,Van Brunt St & Van Dyke St,4095.10,3676
18,40.72755146730012,-74.07106071710588,Glenwood Ave,JC094,3677
18,40.72572613742557,-74.07195925712584,Fairmount Ave,JC093,3678
14,40.72210378668603,-74.07145500183104,Bergen Ave,JC095,3679
55,40.754120810779256,-73.98025184869765,E 43 St & 5 Ave,6551.03,3680
18,40.71517767732029,-74.03768330812454,Grand St,JC102,3681
43,40.73756121181137,-74.00398269295692,W 12 St & W 4 St,5997.02,3684
39,40.73944820130404,-74.00507032871245,Gansevoort St & Hudson St,6072.14,3686
59,40.74322681432173,-73.97449783980845,E 33 St & 1 Ave,6197.08,3687
29,40.75792020879402,-73.96638214588165,2 Ave & E 55 St,6650.08,3688
47,40.79904139288298,-73.96649479866028,W 104 St & Amsterdam Ave,7610.13,3689
36,40.71334184275907,-74.00935515761375,Park Pl & Church St,5288.08,3690
19,40.76408932350689,-73.9106512069702,28 Ave & 44 St,6879.04,3691
15,40.6999974843885,-73.97440128028394,5 St & Market St,4843.01,3692
27,40.72248188638219,-73.95921930670737,N 11 St & Kent Ave,5489.04,3693
18,40.71113,-74.0789,Jackson Square,JC105,3694
43,40.77515953434235,-73.98918695747851,W 64 St & Thelonious Monk Circle,7123.04,3697
30,40.76360467795863,-73.98917958140373,W 50 St & 9 Ave,6854.05,3699
37,40.70831794366396,-74.0050408244133,Cliff St & Fulton St,5065.11,3701
19,40.7437524099784,-73.94176483154297,47 Ave & Skillman Ave,6237.01,3704
55,40.741459000000006,-73.983293,Lexington Ave & E 26 St,6089.08,3707
29,40.735445,-73.99431,W 13 St & 5 Ave,5947.04,3708
51,40.73804614248277,-73.99642959237099,W 15 St & 6 Ave,5989.02,3709
47,40.72966729392978,-73.98067966103555,E 13 St & Avenue A,5779.09,3711
41,40.754691750226016,-73.9974018931389,W 35 St & Dyer Ave,6569.08,3712
