tz,total,male,age_under_29,age_30_54,age_55_over,white,black,asian,others,two_or_more,less_high_school,high_school,college,bachelor
2,198,0.5454545454545454,0.3383838383838384,0.35353535353535354,0.30808080808080807,0.5252525252525253,0.22727272727272727,0.14646464646464646,0.04040404040404041,0.06060606060606061,0.12121212121212122,0.15656565656565657,0.1919191919191919,0.1919191919191919
3,11398,0.4731531847692578,0.22381119494648183,0.5567643446218635,0.21942446043165467,0.5255307948762941,0.3602386383576066,0.08536585365853659,0.01052816283558519,0.01833655027197754,0.12405685207931216,0.17854009475346552,0.2339006843305843,0.23969117389015618
4,12318,0.4972398116577366,0.3028900795583699,0.5212696866374411,0.17584023380418898,0.6704822211397954,0.16747848676733235,0.1291605780159117,0.009904205228121448,0.022974508848839097,0.11162526384153272,0.15091735671375223,0.19418736807923365,0.24037993180711154
5,10751,0.5158589898614082,0.20035345549251232,0.5633894521439866,0.23625709236350106,0.8848479211236164,0.04315877592782067,0.061017579760022325,0.0033485257185378106,0.007627197470002791,0.07366756580783183,0.15124174495395779,0.22937401171984,0.34536322202585806
6,6729,0.4884826868776936,0.20939218308812602,0.5486699360974885,0.2419378808143855,0.7568732352504087,0.10060930301679298,0.12156338237479566,0.007876356070738595,0.01307772328726408,0.08649130628622381,0.15633823747956604,0.22856293654331997,0.31921533660276413
7,43048,0.5028805054822524,0.2735783311652109,0.5641609366288793,0.16226073220590967,0.7623582977141795,0.09233878461252555,0.11879762125998886,0.007758780895744286,0.01874651551756179,0.09124698011522021,0.14662702099981417,0.19691971752462367,0.291627950195131
8,152,0.5394736842105263,0.21710526315789475,0.5263157894736842,0.2565789473684211,0.5723684210526315,0.16447368421052633,0.17105263157894737,0.039473684210526314,0.05263157894736842,0.13157894736842105,0.18421052631578946,0.16447368421052633,0.3026315789473684
9,8526,0.48944405348346237,0.17663617171006332,0.55981703026038,0.26354679802955666,0.5850340136054422,0.04773633591367581,0.3450621627961529,0.0063335679099225895,0.015833919774806474,0.10684963640628665,0.15071545859723198,0.21721792165141918,0.3485808116349988
10,14397,0.45426130443842466,0.2155310134055706,0.5573383343752171,0.22713065221921233,0.26977842606098495,0.6342293533375009,0.06654164061957352,0.011599638813641731,0.01785094116829895,0.13870945335833854,0.19886087379315134,0.25206640272278946,0.19483225672015003
11,11391,0.48011588095865154,0.20024580809410938,0.5687823720481081,0.23097181985778245,0.6487577912386973,0.07040646124133088,0.25520147484856465,0.00842770608375033,0.017206566587656923,0.10253709068562901,0.1607409358265297,0.21227284698446142,0.32420331840927047
12,187,0.5080213903743316,0.2727272727272727,0.45989304812834225,0.26737967914438504,0.5240641711229946,0.2620320855614973,0.1443850267379679,0.0427807486631016,0.026737967914438502,0.13368983957219252,0.1925133689839572,0.21390374331550802,0.18716577540106952
13,7401,0.5319551411971355,0.16281583569787866,0.6746385623564383,0.16254560194568302,0.7590866099175787,0.056613971084988515,0.15930279691933522,0.0059451425483042835,0.01905147952979327,0.05904607485474936,0.12241588974462911,0.20375624915551951,0.4519659505472233
14,37239,0.49861704127393325,0.19160020408711298,0.5864013534198018,0.2219984424930852,0.7705631193104003,0.07191385375547141,0.13391874110475577,0.007223609656542872,0.01638067617282956,0.09310131851016408,0.15626090926179542,0.2203335213083058,0.33870404683262173
15,9549,0.4871714315635145,0.16713792020106819,0.5520996963032778,0.280762383495654,0.7299193632841136,0.06011100638810347,0.19373756414284218,0.0034558592522777255,0.012776206932663106,0.08545397423814012,0.16095926275002617,0.23091423185673893,0.3555346109540266
16,19130,0.5031887088342917,0.1841087297438578,0.551019341348667,0.2648719289074752,0.6026659696811291,0.06759017250392055,0.30763199163617355,0.00632514375326712,0.015786722425509672,0.10522739153162572,0.15546262415054887,0.21615263983272348,0.3390486147412441
17,30591,0.4826582981922788,0.29681932594553956,0.5618646006995521,0.1413160733549083,0.5471870811676637,0.3770716877512994,0.04730149390343565,0.008989572096368213,0.019450165081233043,0.11617796083815501,0.16357752280082377,0.2144748455428067,0.20895034487267497
18,20088,0.48775388291517324,0.25557546794105934,0.5536140979689367,0.19081043409000398,0.6192254082039028,0.28559338908801274,0.05779569892473118,0.015830346475507767,0.02155515730784548,0.16298287534846675,0.18105336519315013,0.2152031063321386,0.18518518518518517
19,11453,0.48886754562123463,0.218545359294508,0.5198637911464246,0.2615908495590675,0.5290316947524666,0.1410984021653715,0.29773858377717627,0.010652230856544136,0.021479088448441458,0.10835588928664978,0.15751331528857068,0.210425216100585,0.30516022002968657
20,9859,0.4931534638401461,0.29019170301247593,0.5239882341008216,0.1858200628867025,0.6635561415965108,0.259154072421138,0.04675930621766913,0.01186732934374683,0.018663150420935186,0.1449437062582412,0.1775027893295466,0.20600466578760523,0.18135713561213104
21,24560,0.4723127035830619,0.20175081433224756,0.5651465798045603,0.23310260586319217,0.6212540716612378,0.06319218241042346,0.29474755700325733,0.005903908794788274,0.01490228013029316,0.11877035830618893,0.164128664495114,0.21050488599348535,0.30484527687296414
22,34154,0.4704866194296422,0.21610938689465362,0.5595245066463664,0.22436610645897992,0.6094161738010189,0.058851086256368215,0.30795807226093574,0.007700415763892955,0.016074251917784155,0.11705803127012941,0.15842946653393453,0.20647654740293964,0.3019265678983428
23,16815,0.4978887897710378,0.19809693725840025,0.5494498959262564,0.25245316681534347,0.7442164733868569,0.08748141540291407,0.14986619090098127,0.0060660124888492414,0.012369907820398453,0.08325899494498959,0.152066607195956,0.22872435325602142,0.33785310734463275
24,8161,0.4818037005268962,0.23673569415512805,0.5266511456929298,0.23661316015194217,0.7341012130866316,0.15794633010660458,0.07878936404852346,0.009680186251684842,0.01948290650655557,0.09631172650410488,0.1516970959441245,0.20720499938732997,0.30805048400931256
25,11817,0.474993653211475,0.2113057459592113,0.6451722095286452,0.1435220445121435,0.6961157654226962,0.18464923415418466,0.08851654396208852,0.008123889312008125,0.022594567149022596,0.0858085808580858,0.14783786070914784,0.21435220445121436,0.34069560802234067
26,31697,0.49884847146417644,0.2678486923052655,0.5086285768369246,0.22352273085780988,0.7956273464365713,0.0663469728996435,0.11805533646717355,0.006814525033914881,0.013155819162696786,0.10256491150582074,0.16843865350033127,0.20254282739691454,0.25860491529166796
27,2004,0.49550898203592814,0.1996007984031936,0.4940119760479042,0.3063872255489022,0.8547904191616766,0.08632734530938124,0.03992015968063872,0.006487025948103792,0.0124750499001996,0.07385229540918163,0.1601796407185629,0.23053892215568864,0.33582834331337325
28,16985,0.49431851633794527,0.20694730644686488,0.5671474830733,0.22590521047983514,0.5241095083897557,0.18916691198115984,0.2512216661760377,0.013188107153370621,0.022313806299676185,0.12234324403885781,0.16649985281130408,0.22343244038857815,0.28077715631439504
29,13018,0.4541404209555999,0.16822860654478414,0.5278076509448456,0.3039637425103703,0.7954370871101551,0.06222153940697496,0.12067905976340451,0.005838070364111231,0.015824243355354126,0.10377938239360884,0.1735289599016746,0.22322937471193732,0.33123367644799506
30,1071,0.5023342670401494,0.19607843137254902,0.5742296918767507,0.22969187675070027,0.8944911297852475,0.056022408963585436,0.03828197945845005,0.004668534080298786,0.006535947712418301,0.07282913165266107,0.1568627450980392,0.23716153127917833,0.3370681605975724
31,436,0.47706422018348627,0.30963302752293576,0.4954128440366973,0.19495412844036697,0.555045871559633,0.3256880733944954,0.07339449541284404,0.020642201834862386,0.02522935779816514,0.12844036697247707,0.1926605504587156,0.1834862385321101,0.18577981651376146
32,13421,0.46933909544743313,0.23396170181059533,0.5588257208851799,0.2072125773042247,0.5350570002235303,0.3781387377989718,0.05111392593696446,0.01214514566723791,0.023545190373295583,0.14678488935250728,0.18582817971835183,0.23217345950376275,0.2012517696147828
33,12611,0.4955197843152803,0.17056537943065578,0.6443581000713663,0.18507652049797796,0.7916897946237412,0.08421219570216477,0.09983347870906352,0.005154230433748315,0.019110300531282213,0.06882880025374673,0.14090873047339625,0.21631908651177542,0.40337800333042584
34,412,0.49514563106796117,0.24029126213592233,0.5849514563106796,0.17475728155339806,0.6893203883495146,0.16019417475728157,0.10194174757281553,0.019417475728155338,0.02912621359223301,0.11893203883495146,0.16019417475728157,0.1966019417475728,0.28398058252427183
35,22430,0.42251448952296033,0.2546589389210878,0.5505127061970575,0.19482835488185465,0.2852429781542577,0.6521622826571556,0.036914846188140886,0.009362460989745877,0.016317432010699955,0.14150691038787339,0.19121711992866697,0.24288898796255015,0.16972804279982168
36,23152,0.5116188666205943,0.3309865238424326,0.5239288182446441,0.1450846579129233,0.7221838286109191,0.159856599861783,0.08483068417415342,0.01148928818244644,0.021639599170697996,0.131003800967519,0.1554077401520387,0.18901174844505875,0.19359018659295094
37,31320,0.49626436781609196,0.3338441890166028,0.5216794380587484,0.1444763729246488,0.6362707535121328,0.2767241379310345,0.05459770114942529,0.0109514687100894,0.021455938697318006,0.13208812260536398,0.15810983397190292,0.1941890166028097,0.18176883780332057
38,10071,0.4360043689802403,0.20623572634296494,0.5399662396981432,0.2537980339588919,0.21139906662694866,0.7096614040313772,0.046966537583159565,0.009035845496971503,0.022937146261543043,0.1232251017773806,0.1915400655347036,0.26323105947770825,0.21576804686724257
39,36424,0.42732813529540964,0.20977926641774655,0.5431034482758621,0.24711728530639138,0.2526630792883813,0.6662365473314298,0.05202613661322205,0.009389413573468043,0.01968482319349879,0.12942016253019986,0.1936086097078849,0.25672633428508673,0.21046562705908192
40,8468,0.5022437411431271,0.16745394426074633,0.6943788379782712,0.13816721776098254,0.8445914029286726,0.05656589513462447,0.07557864903164856,0.006140765233821445,0.017123287671232876,0.07097307510628248,0.14218233349078885,0.23016060462919224,0.3892300425129901
41,22913,0.47252651333304235,0.24187142670099943,0.5928948631781085,0.16523371012089208,0.49042028542748656,0.41675031641426263,0.06537773316457907,0.006939292104918605,0.02051237288875311,0.10779906603238336,0.16510278008117663,0.2281674158774495,0.2570593113079911
42,34799,0.4652432541164976,0.25558205695565966,0.578292479668956,0.16612546337538436,0.3757004511623897,0.5507916894163626,0.04661053478548234,0.0078737894767091,0.019023535159056294,0.12089427857122331,0.17529239345958217,0.23578263743211011,0.21244863358142477
43,182,0.510989010989011,0.27472527472527475,0.5054945054945055,0.21978021978021978,0.5604395604395604,0.23076923076923078,0.12637362637362637,0.027472527472527472,0.054945054945054944,0.08241758241758242,0.14835164835164835,0.23626373626373626,0.25824175824175827
44,10097,0.5159948499554323,0.20481331088442112,0.5767059522630484,0.21848073685253044,0.8937308111320195,0.060116866395959194,0.03525799742497772,0.003466376151332079,0.007427948895711597,0.06675250074279489,0.156284044765772,0.2287808259879172,0.3433693176190948
45,8186,0.49181529440508187,0.22257512826777426,0.5703640361592963,0.2070608355729294,0.3760078182262399,0.11605179574883948,0.48277547031517226,0.007818226239921818,0.017346689469826534,0.13633032005863668,0.15697532372343026,0.19789885169802102,0.2862203762521378
46,1853,0.5180787911494873,0.1867242309767944,0.5439827307069617,0.2692930383162439,0.8526713437668646,0.08418780356179169,0.045871559633027525,0.007555315704263357,0.009713977334052886,0.08634646519158122,0.14786832164058283,0.2525634106853751,0.3264975715056665
47,11617,0.4511491779288973,0.28432469656537834,0.548076095377464,0.1675992080571576,0.47370233278815527,0.45390376172850133,0.03598175088232762,0.015408453129035035,0.021003701471980718,0.16079882930188516,0.18111388482396487,0.21666523198760437,0.15709735732116725
48,19968,0.5612980769230769,0.24188701923076922,0.5494290865384616,0.20868389423076922,0.7626702724358975,0.08353365384615384,0.12760416666666666,0.006710737179487179,0.019481169871794872,0.078125,0.13311298076923078,0.1977664262820513,0.34910857371794873
49,18607,0.4708443059063793,0.2315257698715537,0.6227226312678025,0.14575159886064384,0.5856398129736121,0.31294674047401516,0.07319825871983662,0.00698661793948514,0.021228569893051004,0.09485677433224056,0.16010103724404795,0.22287311226957596,0.29064330628258184
50,8282,0.5569910649601546,0.25150929727119054,0.5979232069548418,0.15056749577396764,0.7133542622554938,0.11627626177251872,0.14404733156242452,0.007969089591886018,0.01835305481767689,0.07703453272156484,0.1314899782661193,0.19717459550833133,0.34279159623279404
51,17846,0.4392580970525608,0.18289812843214165,0.5676902387089544,0.24941163285890397,0.3327916619970862,0.6127983861929844,0.025944189174044605,0.007788860248795248,0.020676902387089545,0.13218648436624453,0.19348873697187044,0.27132130449400427,0.2201053457357391
52,5130,0.5009746588693957,0.17037037037037037,0.6590643274853801,0.1705653021442495,0.8346978557504874,0.06803118908382066,0.07309941520467836,0.00682261208576998,0.017348927875243666,0.07426900584795322,0.14132553606237816,0.2222222222222222,0.391812865497076
53,10028,0.5018946948544076,0.20831671320303152,0.5751894694854408,0.21649381731152773,0.6579577183885121,0.07927802153968887,0.2357399282010371,0.010869565217391304,0.016154766653370563,0.13921021140805745,0.16882728360590346,0.2116074990027922,0.2720382927802154
54,2415,0.5031055900621118,0.15610766045548655,0.6832298136645962,0.1606625258799172,0.758592132505176,0.11469979296066253,0.09648033126293996,0.004140786749482402,0.02608695652173913,0.08612836438923395,0.16024844720496895,0.2318840579710145,0.3656314699792961
55,18436,0.43930353655890647,0.19950097635061836,0.5188761119548709,0.28162291169451076,0.6589824256888696,0.24202646995009763,0.07751139075721415,0.007431113039704925,0.014048600564113691,0.11065307008027772,0.17878064656107615,0.22873725320026037,0.28232805380776743
56,19098,0.4952351031521625,0.2279819876426851,0.5536181799141271,0.21839983244318778,0.6000628338045869,0.22578280448214472,0.14153314483191956,0.01188606136768248,0.020735155513666354,0.15425699026076028,0.18038538066813278,0.22148916116870876,0.21588648025971305
57,1179,0.5250212044105174,0.23494486853265478,0.553011026293469,0.21204410517387617,0.6598812553011026,0.11704834605597965,0.179813401187447,0.020356234096692113,0.022900763358778626,0.17557251908396945,0.18490245971162,0.19423240033927056,0.21034775233248515
58,3286,0.5045648204503956,0.18107121119902617,0.579123554473524,0.2398052343274498,0.8664029214850882,0.07486305538648813,0.041996348143639686,0.006086427267194157,0.010651247717589775,0.08551430310407791,0.16129032258064516,0.23463177115033476,0.337492391965916
59,140,0.4357142857142857,0.2,0.5071428571428571,0.29285714285714287,0.5642857142857143,0.21428571428571427,0.15,0.007142857142857143,0.06428571428571428,0.15714285714285714,0.2,0.19285714285714287,0.25
60,7969,0.4599071401681516,0.2626427406199021,0.5596687162755678,0.17768854310453006,0.5187601957585645,0.4056970761701594,0.03588907014681892,0.01606224118459029,0.023591416739866984,0.1673986698456519,0.18835487514117205,0.22073033002886183,0.1608733843644121
61,47563,0.4414565944116225,0.27552929798372683,0.5500283834072703,0.1744423186090028,0.40399049681475097,0.5255766036625108,0.04423606584950487,0.007043289952273826,0.01915354372095957,0.11336543111241931,0.1746525660702647,0.22559552593402435,0.2108571788995648
62,18434,0.45220787674948465,0.25382445481176086,0.5387327763914506,0.20744276879678855,0.44124986438103503,0.49913203862428124,0.03504394054464576,0.00645546273190843,0.018118693718129544,0.11939893674731475,0.17939676684387545,0.23044374525333622,0.2169360963437127
63,19628,0.48456286937028736,0.25305685755043816,0.5448339107397595,0.20210923170980233,0.5679641328714082,0.2875484002445486,0.10454452822498471,0.01599755451395965,0.02394538414509884,0.16277766456083145,0.18565314856327694,0.21097411860607296,0.18753821071938048
64,10118,0.49169796402451077,0.16959873492785135,0.5442775252026092,0.28612373986953943,0.6344139157936352,0.047440205574224154,0.30065230282664557,0.00494168808064835,0.012551887724846807,0.09270606839296304,0.15398300059300257,0.22464914014627396,0.35906305593990906
65,5257,0.4936275442267453,0.24177287426288757,0.6231691078561917,0.13505801788092067,0.6206962145710482,0.19307589880159787,0.16035761841354385,0.006277344493056876,0.01959292372075328,0.08864371314437892,0.13524824044131634,0.2067719231500856,0.32756324900133155
66,4304,0.49605018587360594,0.18912639405204462,0.6633364312267658,0.1475371747211896,0.6187267657992565,0.2362918215613383,0.11965613382899629,0.008364312267657992,0.01696096654275093,0.09502788104089219,0.15078996282527882,0.23118029739776952,0.33387546468401486
67,18439,0.4875535549650198,0.19984814794728564,0.5803460057486849,0.2198058463040295,0.6545908129508108,0.06101198546558924,0.26189055805629374,0.008080698519442486,0.014425945007863768,0.1058625738922935,0.15998698410976733,0.20885080535820816,0.32545148869244533
68,15825,0.5323854660347551,0.2324170616113744,0.5656872037914692,0.2018957345971564,0.7612006319115324,0.10742496050552923,0.10654028436018957,0.0064454976303317535,0.018388625592417062,0.0835387045813586,0.1393996840442338,0.1990521327014218,0.34559241706161137
69,24223,0.47991578252074474,0.2516616438921686,0.5500970152334558,0.1982413408743756,0.5132725095983156,0.40651446971886224,0.04338851504768196,0.013747264996078108,0.02307724063906205,0.1586921520868596,0.18874623291912646,0.2253643231639351,0.17553564793791024
70,8709,0.5043058904581468,0.23871856699965552,0.539212309105523,0.22206912389482145,0.5504650361694798,0.32805144103800665,0.08531404294408083,0.013204730738316683,0.02296474911011597,0.15535652772993455,0.19037777012286142,0.22608795498909173,0.18945918015845678
71,24503,0.4330490144063992,0.20707668448761377,0.5396073950128556,0.25331592049953067,0.24719422111578174,0.6850589723707301,0.04219891441864262,0.008325511161898544,0.017222380932946986,0.1332081785903767,0.200057135860915,0.25621352487450516,0.2034444761865894
72,23495,0.42196211959991486,0.21068312406895084,0.5423281549265802,0.24698872100446903,0.23660353266652479,0.7049585018088955,0.034134922323898705,0.008725260693764631,0.015577782506916365,0.13764630772504788,0.1977442008938072,0.2618855075547989,0.19204085975739518
73,11716,0.500170706725845,0.20407989074769545,0.544810515534312,0.25110959371799246,0.4973540457494025,0.08885285080232161,0.38366336633663367,0.009900990099009901,0.020228747012632296,0.1311881188118812,0.16507340389211336,0.21090815978149538,0.2887504267668146
74,23691,0.4621586256384281,0.26778101388713016,0.5583132835253893,0.17390570258748048,0.5150056983664683,0.3889662741125322,0.06251319066312101,0.012156515132328733,0.021358321725549786,0.1361698535308767,0.1694314296568317,0.21932379384576423,0.20729390907939724
75,25205,0.4772069033921841,0.27133505256893475,0.5480261852806982,0.18063876215036698,0.5969450505852013,0.2697480658599484,0.10271771473913906,0.010553461614758976,0.020035707200952192,0.12199960325332275,0.15584209482245587,0.20813330688355486,0.2426899424717318
76,36094,0.4428159804953732,0.24826841026209343,0.5570731977614007,0.19465839197650578,0.3416911398016291,0.5798747714301546,0.04809663656009309,0.011192996065828116,0.019144456142295117,0.14620158475092812,0.19166620490940323,0.23749099573336288,0.17637280434421235
77,11612,0.445745780227351,0.2522390630382363,0.5487426799862212,0.19901825697554254,0.3251808473992422,0.6045470203238029,0.04133654839820875,0.011539786427833276,0.01739579745091285,0.14648639338615227,0.19187047881501895,0.23828797795384085,0.17111608680675164
78,15232,0.46343224789915966,0.2693671218487395,0.5551470588235294,0.17548581932773108,0.5391938025210085,0.3860950630252101,0.03676470588235294,0.016281512605042018,0.021664915966386554,0.16970850840336135,0.18566176470588236,0.21783088235294118,0.15743172268907563
79,23766,0.5034082302448877,0.33598417907935707,0.5012623074981065,0.16275351342253638,0.7925608011444921,0.06547168223512581,0.11621644365900867,0.005974922157704283,0.019776150803669106,0.06925860472944542,0.12092905831860641,0.17651266515189767,0.2973154927206934
80,19449,0.49570672013985295,0.29158311481310095,0.5696951000051417,0.13872178518175743,0.7316057380842202,0.12247416319605121,0.11743534371947144,0.008689392770836546,0.019795362229420535,0.10139338783485012,0.14437760296159186,0.19651395958661114,0.26613193480384595
81,13534,0.4349785724841141,0.2284616521353628,0.5502438303531846,0.22129451751145263,0.30744790897000146,0.6342544702231417,0.029333530367962168,0.00945766218412886,0.019506428254765774,0.13757942958474953,0.1943254026895227,0.25232747155312546,0.18730604403723955
82,33757,0.5137304855289273,0.21527386912344107,0.560594839588826,0.2241312912877329,0.552892733359007,0.08546375566549161,0.33166454365020587,0.011256924489735462,0.018722042835560032,0.14382202209912018,0.16686909381757858,0.20680155227064018,0.26723346268922
83,10842,0.49889319313779745,0.2036524626452684,0.5786755211215643,0.21767201623316731,0.5147574248293673,0.07830658550083011,0.38018815716657445,0.00857775318206973,0.018170079321158456,0.12663715181700794,0.15513742851872347,0.20632724589559123,0.308245711123409
84,12100,0.5085123966942149,0.203801652892562,0.555702479338843,0.24049586776859505,0.9109090909090909,0.02553719008264463,0.05132231404958678,0.004628099173553719,0.007603305785123967,0.06570247933884298,0.15446280991735536,0.2178512396694215,0.35818181818181816
85,13799,0.4369157185303283,0.2208855714182187,0.5429378940502935,0.2361765345314878,0.3011812450177549,0.6296108413653163,0.04362634973548808,0.00789912312486412,0.017682440756576562,0.13616928762953837,0.19784042321907386,0.24690194941662438,0.19820276831654468
86,16231,0.4560409093709568,0.23633787197338427,0.5437126486353274,0.21994947939128828,0.4805618877456719,0.45129690099192904,0.04251124391596328,0.00942640625962664,0.016203561086809194,0.14071837841168136,0.18427700080093648,0.23122420060378288,0.20744254821021502
87,10121,0.5051872344629977,0.37664262424661593,0.5216875802786286,0.10166979547475546,0.7513091591739947,0.06402529394328624,0.16095247505187235,0.005928267957711689,0.017784803873135066,0.045845272206303724,0.09653196324473866,0.14682343641932616,0.3341567038830155
88,1395,0.5505376344086022,0.21935483870967742,0.617921146953405,0.16272401433691755,0.7476702508960573,0.08817204301075268,0.13620071684587814,0.007885304659498209,0.02007168458781362,0.053763440860215055,0.13548387096774195,0.1878136200716846,0.403584229390681
89,48629,0.4498138970573115,0.22348804211478748,0.5480268975302803,0.22848506035493224,0.46531904830450965,0.4347817146147361,0.0734335478829505,0.007999341956445742,0.01846634724135804,0.12554237183573588,0.18135269078122107,0.23261839643011373,0.23699849883814186
90,12091,0.5330411049540981,0.2309982631709536,0.5986270779918949,0.1703746588371516,0.8166404763873956,0.059961955173269375,0.10181126457695806,0.0048796625589281285,0.016706641303448847,0.06757092051939459,0.12521710363079977,0.19510379621205856,0.3811099164667935
91,31078,0.44188815239075874,0.20593345775146407,0.5413475770641611,0.2527189651843748,0.33544629641547075,0.581858549456207,0.05611686723727396,0.00843040092670056,0.01814788596434777,0.12207992792328978,0.18617671664843297,0.2525259025677328,0.23328399510908038
92,27346,0.4867622321363271,0.19088714985738317,0.5586557448987055,0.25045710524391135,0.42624149784246324,0.10879104805090324,0.4384187815402618,0.009434652234330432,0.01711402033204125,0.14013018357346596,0.1686901192130476,0.2134132962773349,0.2868792510787684
93,300,0.5266666666666666,0.25,0.5166666666666667,0.23333333333333334,0.57,0.20666666666666667,0.15666666666666668,0.02666666666666667,0.04,0.16,0.15666666666666668,0.21666666666666667,0.21666666666666667
94,10141,0.4901883443447392,0.2662459323538113,0.5447194556749827,0.189034611971206,0.5886007297110739,0.34049896459915197,0.03421753278769352,0.01498865989547382,0.021694113006606845,0.17138349275219406,0.19002070801696086,0.2136870131150774,0.1586628537619564
95,42120,0.478656220322887,0.16253561253561252,0.5948717948717949,0.24259259259259258,0.6738603988603988,0.0806980056980057,0.2198005698005698,0.007027540360873694,0.018613485280151946,0.0929724596391263,0.149002849002849,0.2201329534662868,0.37535612535612534
96,394,0.5304568527918782,0.22842639593908629,0.5203045685279187,0.2512690355329949,0.6522842639593909,0.18781725888324874,0.09644670050761421,0.03299492385786802,0.030456852791878174,0.12690355329949238,0.1751269035532995,0.1802030456852792,0.2893401015228426
97,14355,0.4748867990247301,0.2175548589341693,0.6275165447579241,0.15492859630790665,0.5495646116335772,0.3215604319052595,0.09543712991988854,0.009056078021595262,0.024381748519679555,0.10330895158481365,0.16551724137931034,0.22528735632183908,0.28833159177986767
98,7422,0.4889517650229049,0.19428725410940448,0.5439234707625977,0.2617892751279978,0.48787388843977364,0.12543788736189707,0.36149285906763673,0.0053893829156561575,0.019805982215036377,0.10185933710590138,0.1510374562112638,0.21341956345998384,0.3393963891134465
99,122,0.5,0.23770491803278687,0.5163934426229508,0.2459016393442623,0.6311475409836066,0.16393442622950818,0.1721311475409836,0.01639344262295082,0.01639344262295082,0.13114754098360656,0.18032786885245902,0.20491803278688525,0.2459016393442623
100,1064,0.5676691729323309,0.17857142857142858,0.5770676691729323,0.24436090225563908,0.6362781954887218,0.1137218045112782,0.20582706766917294,0.013157894736842105,0.03101503759398496,0.10902255639097744,0.16917293233082706,0.22838345864661655,0.3148496240601504
101,10307,0.48491316580964394,0.2061705636945765,0.5116910837295042,0.2821383525759193,0.5886290870282332,0.11788105171242845,0.2694285437081595,0.006597458038226448,0.017463859512952363,0.09187930532647715,0.15193557776268554,0.21829824391190453,0.33171630930435625
102,16269,0.5109103202409491,0.20824881676808654,0.572684246112238,0.21906693711967545,0.8337328661872272,0.08875776015735448,0.05415206835085131,0.008974122564386256,0.014383182740180711,0.11432786280656464,0.16491486876882414,0.22515212981744423,0.28735632183908044
103,200,0.51,0.19,0.57,0.24,0.545,0.24,0.125,0.035,0.055,0.135,0.21,0.265,0.2
105,135,0.42962962962962964,0.3851851851851852,0.4074074074074074,0.2074074074074074,0.5703703703703704,0.2222222222222222,0.11851851851851852,0.037037037037037035,0.05185185185185185,0.13333333333333333,0.18518518518518517,0.0962962962962963,0.2
106,3728,0.48819742489270385,0.22666309012875535,0.6327789699570815,0.1405579399141631,0.7677038626609443,0.10622317596566523,0.09763948497854077,0.01046137339055794,0.017972103004291844,0.09495708154506438,0.14163090128755365,0.21244635193133046,0.32430257510729615
107,14587,0.49269897854253786,0.30773976828683075,0.5192980050730102,0.17296222664015903,0.809625008569274,0.05264961952423391,0.11791321039281552,0.005689997943374238,0.014122163570302325,0.05552889559196545,0.11236032083361898,0.16809487900185097,0.35627613628573385
108,10613,0.4617921417129935,0.19805898426458118,0.5452746631489682,0.2566663525864506,0.651653632337699,0.12729671158013756,0.19947234523697352,0.005936116084047866,0.015641194761141997,0.11306887779138793,0.16687081880712334,0.22283991331386035,0.29916140582304723
109,17196,0.49901139799953476,0.2044080018608979,0.5617585484996511,0.23383344963945105,0.9271923703186787,0.025994417306350315,0.03483368225168644,0.0025587345894394044,0.00942079553384508,0.0668760176785299,0.14968597348220516,0.23092579669690624,0.3481042102814608
110,40,0.4,0.225,0.4,0.375,0.65,0.15,0.125,0.05,0.025,0.1,0.15,0.325,0.2
111,169,0.5562130177514792,0.28994082840236685,0.44970414201183434,0.2603550295857988,0.48520710059171596,0.2958579881656805,0.14201183431952663,0.029585798816568046,0.047337278106508875,0.13609467455621302,0.14201183431952663,0.20710059171597633,0.22485207100591717
112,20126,0.5136639173208785,0.2551922885819338,0.5984795786544768,0.14632813276358939,0.8481069263639074,0.05599721752956375,0.07025737851535327,0.006111497565338369,0.019526980025837224,0.08238099970187816,0.1479678028420948,0.20302096790221605,0.31143794097187716
113,9631,0.5267365797944139,0.19977157096874676,0.5807288962724535,0.21949953275879971,0.8327276502959194,0.05108503789845291,0.0932405773024608,0.006126051292700654,0.016820683210466203,0.06333714048385422,0.13373481466099055,0.20423632021596927,0.3989201536704392
114,6419,0.5341953575323259,0.25455678454587943,0.5493067455990029,0.19613646985511762,0.811808692942826,0.05810873967907774,0.10484499143168718,0.006854650257049385,0.018382925689359713,0.05997818974918211,0.12026795451004829,0.1891260320922262,0.376071039102664
115,9541,0.47143905251021906,0.21150822764909338,0.5542395975264647,0.23425217482444188,0.502043810921287,0.34881039723299445,0.1210564930300807,0.007231946336861964,0.02085735247877581,0.10994654648359711,0.18352373964993188,0.23089822869720156,0.26412325752017607
116,22230,0.49460188933873145,0.28146648672964464,0.543229869545659,0.17530364372469637,0.5730994152046783,0.3440845704003599,0.04736842105263158,0.012595591542959963,0.02285200179937022,0.1335132703553756,0.16635177687809266,0.20917678812415655,0.20949167791273055
117,13446,0.4415439535921464,0.22705637364271902,0.5670087758441172,0.20593485051316376,0.4222073479101592,0.5016361743269374,0.04611036739550796,0.010858247806038971,0.019187862561356538,0.13929793247062322,0.18808567603748327,0.2345679012345679,0.21099211661460657
118,13342,0.49100584619997,0.19239994003897468,0.5446709638734822,0.2629290960875431,0.8063258881726878,0.05291560485684305,0.1259181532004197,0.0038225153650127417,0.011017838405036727,0.07899865087692999,0.15874681457052917,0.22560335781741866,0.3442512366961475
119,14328,0.47571189279731996,0.2594221105527638,0.5577889447236181,0.1827889447236181,0.5290340591848129,0.40494137353433834,0.03280290340591848,0.01423785594639866,0.018983807928531545,0.1727386934673367,0.18683696259073143,0.22298994974874373,0.15801228364042436
120,176,0.4943181818181818,0.2840909090909091,0.4318181818181818,0.2840909090909091,0.5909090909090909,0.20454545454545456,0.10795454545454546,0.06818181818181818,0.028409090909090908,0.125,0.17613636363636365,0.2215909090909091,0.19318181818181818
121,13720,0.4849854227405248,0.2110787172011662,0.5447521865889213,0.24416909620991253,0.5336734693877551,0.17959183673469387,0.26188046647230323,0.007798833819241982,0.01705539358600583,0.11107871720116617,0.16428571428571428,0.21669096209912536,0.29686588921282797
122,9302,0.46366372823048807,0.21339496882390885,0.5499892496237369,0.23661578155235433,0.3203612126424425,0.5421414749516233,0.10546119114168996,0.01171791012685444,0.020318211137389807,0.13459471081487853,0.19425929907546763,0.24908621801763062,0.20866480326811437
123,16466,0.49635612777845256,0.2080651038503583,0.53188388193854,0.26005101421110166,0.8193854002186324,0.05836268674845135,0.10136037896271104,0.007348475646787319,0.013543058423417952,0.09413336572330863,0.16543179885825338,0.22008988218146483,0.31227984938661485
124,10304,0.4934006211180124,0.19798136645962733,0.5523097826086957,0.24970885093167702,0.8554930124223602,0.07123447204968944,0.05425077639751553,0.007472826086956522,0.01154891304347826,0.0890916149068323,0.1577057453416149,0.2374805900621118,0.3177406832298137
125,1572,0.5235368956743003,0.21246819338422393,0.5903307888040712,0.19720101781170485,0.799618320610687,0.06997455470737914,0.10687022900763359,0.006361323155216285,0.01717557251908397,0.06615776081424936,0.12595419847328243,0.20229007633587787,0.3931297709923664
126,9790,0.48038815117466804,0.2636363636363636,0.559652706843718,0.1767109295199183,0.5835546475995914,0.3303370786516854,0.04279877425944842,0.018692543411644537,0.024616956077630234,0.18018386108273748,0.18692543411644535,0.21542390194075586,0.15383043922369766
127,17086,0.4863631042959148,0.23130047992508487,0.5702329392485076,0.19846658082640758,0.741367201217371,0.17318272269694487,0.04688048694837879,0.01451480744469156,0.024054781692613835,0.14725506262437082,0.16762261500643802,0.2147957392016856,0.23902610324242068
128,174,0.5574712643678161,0.25287356321839083,0.5402298850574713,0.20689655172413793,0.4885057471264368,0.29310344827586204,0.12643678160919541,0.040229885057471264,0.05172413793103448,0.06321839080459771,0.20114942528735633,0.22413793103448276,0.25862068965517243
129,41474,0.5182041761103342,0.20340454260500554,0.5670540579640256,0.2295413994309688,0.6981723489415055,0.08730771085499349,0.1843805757824179,0.010681390750831847,0.019457973670251243,0.14394560447509283,0.169913680860298,0.2128562472874572,0.2698799247721464
130,21511,0.49077216307935473,0.2264887731858119,0.5502766026684022,0.22323462414578588,0.4879364046301892,0.28436613825484636,0.18832225373064942,0.013946353028682999,0.025428850355632002,0.14838919622518712,0.18320859095346567,0.22072428060062294,0.22118915903491237
131,11682,0.4825372367745249,0.1881527135764424,0.5438281116247218,0.2680191747988358,0.44615648005478514,0.30996404725218285,0.21006676938880328,0.011299435028248588,0.02251326827598014,0.11736004108885464,0.1706899503509673,0.2295839753466872,0.29421331963704844
132,138,0.4927536231884058,0.2028985507246377,0.4927536231884058,0.30434782608695654,0.5652173913043478,0.21739130434782608,0.16666666666666666,0.021739130434782608,0.028985507246376812,0.06521739130434782,0.18840579710144928,0.2971014492753623,0.2463768115942029
133,14070,0.4821606254442075,0.2216773276474769,0.5564321250888415,0.2218905472636816,0.6673063255152807,0.14243070362473348,0.15920398009950248,0.009026297085998579,0.02203269367448472,0.11393034825870647,0.16531627576403696,0.2148542999289268,0.2842217484008529
134,11458,0.4961598882876593,0.18676906964566242,0.5850933845348228,0.22813754581951476,0.7002094606388549,0.13571303892476871,0.1373712689823704,0.010036655611799616,0.016669575842206318,0.11049048699598533,0.16425205096875545,0.2277884447547565,0.31069994763484027
135,14922,0.4823080016083635,0.21015949604610643,0.5420184961801368,0.24782200777375687,0.6454228655676183,0.13671089666264577,0.1901889827100925,0.007438681141938078,0.0202385739177054,0.10320332395121297,0.15963007639726579,0.22376357056694812,0.3032435330384667
136,11177,0.48224031493245056,0.25489845217858104,0.5490739912319943,0.19602755658942472,0.6036503534043124,0.30186991142524827,0.058781426142972173,0.015836091974590676,0.019862217052876444,0.17446542005904983,0.1810861590766753,0.21615818198085354,0.1733917867048403
137,12006,0.47259703481592535,0.3489088788938864,0.47842745294019656,0.17266366816591705,0.7482925204064634,0.09120439780109946,0.13568215892053972,0.00741296018657338,0.017407962685324005,0.062552057304681,0.11177744461102782,0.16958187572880226,0.30717974346160254
138,106,0.49056603773584906,0.2641509433962264,0.41509433962264153,0.32075471698113206,0.5094339622641509,0.2358490566037736,0.1792452830188679,0.02830188679245283,0.04716981132075472,0.08490566037735849,0.14150943396226415,0.25471698113207547,0.25471698113207547
139,12028,0.43939142001995346,0.20676754240106418,0.5419853674758895,0.25124709012304625,0.19762221483205852,0.7268041237113402,0.048636514798802793,0.007981376787495843,0.018955769870302626,0.12628865979381443,0.19546059195211174,0.25914532756900566,0.212337878284004
140,14754,0.46265419547241426,0.23810492069947134,0.5788260810627627,0.18306899823776604,0.8010031177985631,0.052867019113460756,0.12437305137589806,0.005083367222448149,0.01667344448962993,0.061881523654602144,0.12145858750169446,0.19276128507523382,0.38579368306899825
141,19700,0.4521827411167513,0.23253807106598984,0.5696954314720812,0.19776649746192893,0.8539086294416244,0.040558375634517765,0.08934010152284264,0.0046700507614213195,0.01152284263959391,0.05558375634517766,0.12390862944162437,0.1901522842639594,0.3978172588832487
142,14612,0.49849438817410346,0.17944155488639474,0.5990281960032849,0.2215302491103203,0.8253490281960033,0.052354229400492745,0.10327128387626608,0.005201204489460717,0.01382425403777717,0.06296194908294553,0.13016698603887217,0.20551601423487545,0.4219134957569121
143,14627,0.4816435359267109,0.17467696725234155,0.6009434607233198,0.22437957202433856,0.7565461133520203,0.09325220482669036,0.12852943187256444,0.005127503931086347,0.016544746017638612,0.07226362206877691,0.13563957065700416,0.2125521296232994,0.404867710398578
144,6609,0.5150552277197761,0.2805265546981389,0.5410803449841126,0.17839310031774852,0.6261159025571191,0.05885913148736571,0.2912694810107429,0.006960205779996974,0.016795279164775308,0.09653502799213194,0.12361930700559842,0.1803601149947042,0.31895899530942656
145,10352,0.5301391035548686,0.20933153013910355,0.6624806800618238,0.12818778979907264,0.7272990726429676,0.07698995363214838,0.16914605873261204,0.0072449768160741885,0.019319938176197836,0.07196676970633693,0.13350077279752703,0.20604714064914992,0.3791537867078825
146,4001,0.5313671582104474,0.2636840789802549,0.564608847788053,0.17170707323169207,0.6778305423644089,0.0899775056235941,0.19570107473131718,0.012996750812296926,0.023494126468382906,0.11022244438890277,0.1559610097475631,0.19120219945013747,0.2789302674331417
147,9075,0.48165289256198346,0.2764738292011019,0.5530578512396694,0.17046831955922864,0.590633608815427,0.334435261707989,0.0362534435261708,0.015647382920110194,0.02303030303030303,0.16661157024793388,0.18303030303030304,0.21575757575757576,0.1581267217630854
148,11205,0.5045961624274877,0.30200803212851407,0.5381526104417671,0.1598393574297189,0.579830432842481,0.071396697902722,0.3250334672021419,0.0071396697902722,0.016599732262382864,0.1069165551093262,0.12985274431057564,0.17206604194556002,0.2891566265060241
149,16050,0.48149532710280374,0.19763239875389407,0.5341433021806854,0.26822429906542056,0.7502803738317757,0.06685358255451714,0.16199376947040497,0.005420560747663551,0.01545171339563863,0.09376947040498443,0.16242990654205608,0.22361370716510903,0.3225545171339564
150,4499,0.4894420982440542,0.1720382307179373,0.5421204712158257,0.2858412980662369,0.8292953989775506,0.08290731273616359,0.06645921315847966,0.00577906201378084,0.01555901311402534,0.09157590575683486,0.16270282284952212,0.21560346743720826,0.35807957323849743
151,15520,0.48112113402061857,0.1865979381443299,0.5615335051546392,0.2518685567010309,0.738659793814433,0.15921391752577319,0.07686855670103093,0.007538659793814433,0.017719072164948453,0.09355670103092784,0.1529639175257732,0.21739690721649485,0.3494845360824742
152,9860,0.4969574036511156,0.2926977687626775,0.5380324543610547,0.16926977687626774,0.6011156186612576,0.3122718052738337,0.04858012170385396,0.015314401622718053,0.022718052738336714,0.14350912778904665,0.16926977687626774,0.20476673427991887,0.18975659229208924
153,2810,0.47544483985765124,0.24199288256227758,0.5494661921708185,0.2085409252669039,0.6284697508896797,0.3,0.03665480427046263,0.012811387900355872,0.02206405693950178,0.16654804270462634,0.17473309608540924,0.21530249110320285,0.201423487544484
154,329,0.47112462006079026,0.2826747720364742,0.4194528875379939,0.2978723404255319,0.60790273556231,0.1762917933130699,0.14285714285714285,0.030395136778115502,0.0425531914893617,0.1033434650455927,0.15501519756838905,0.24924012158054712,0.20972644376899696
155,21053,0.4887664465871847,0.20006649883627037,0.5512753526813281,0.24865814848240156,0.7283522538355579,0.17484444022229612,0.07466869329786728,0.007314871989740179,0.014819740654538546,0.08977342896499312,0.1617821688120458,0.22951598347028926,0.31886191991640145
156,13239,0.4714102273585618,0.23974620439610242,0.5517033008535388,0.20855049475035878,0.5334239746204396,0.34247299644988294,0.09290731928393384,0.01027267920537805,0.020923030440365586,0.1171538635848629,0.16919706926505024,0.22985119722033387,0.24405166553365057
157,15427,0.5137097296946911,0.20159460685810593,0.5736047189991573,0.22480067414273677,0.7702728981655539,0.07823945031438387,0.12555908472159202,0.009982498217411033,0.01594606858105918,0.11661372917611978,0.16918389836001815,0.22421728138977118,0.28839048421598495
158,5867,0.5455940003408897,0.19532981080620418,0.5885461053349241,0.21612408385887166,0.8344980398840975,0.06391682290778933,0.07499573887847281,0.005113345832623147,0.021476052497017215,0.06681438554627578,0.1368672234532129,0.2019771603886143,0.3990114198056929
159,14707,0.4684164003535731,0.26585979465560616,0.5682328143061127,0.1659073910382811,0.5502141837220371,0.37526347997552184,0.03821309580471884,0.014550894132045964,0.02175834636567621,0.17059903447338,0.18827769089549196,0.2138437478751615,0.16141973210036037
160,19605,0.505330272889569,0.18954348380515174,0.5708237694465698,0.2396327467482785,0.8180056108135679,0.06712573323131854,0.0934965570007651,0.007600102014792145,0.013771996939556235,0.0959959194083142,0.16312165263963274,0.22269829125223156,0.3286406528946697
161,2265,0.5827814569536424,0.21368653421633554,0.519205298013245,0.2671081677704194,0.7483443708609272,0.10596026490066225,0.11567328918322296,0.0075055187637969095,0.022516556291390728,0.07549668874172186,0.14966887417218544,0.1977924944812362,0.363355408388521
162,3755,0.5331557922769641,0.28761651131824234,0.5339547270306259,0.17842876165113183,0.7512649800266311,0.07350199733688416,0.14700399467376832,0.00825565912117177,0.019973368841544607,0.06311584553928096,0.12010652463382157,0.1736351531291611,0.355525965379494
163,4409,0.5227942844182354,0.20458153776366522,0.5422998412338399,0.2531186210024949,0.7734180086187344,0.06826944885461556,0.13517804490814245,0.007031072805624858,0.01610342481288274,0.07053753685643004,0.12451803129961443,0.2059423905647539,0.3944205035155364
164,5311,0.5257013745057428,0.2807380907550367,0.5539446431933722,0.16531726605159103,0.6947844097156844,0.08077574844662022,0.19469026548672566,0.009979288269629072,0.019770288081340615,0.07154961400866126,0.12238749764639427,0.17190736207870458,0.35341743551120314
165,23631,0.4730227243874571,0.2181456561296602,0.5191485760230206,0.2627057678473192,0.7782150564935889,0.11269095679404173,0.08768143540264907,0.006728449917481274,0.014684101392239008,0.09504464474630782,0.16516440269137997,0.2182302907198172,0.30341500571283486
166,14946,0.4924394486819216,0.23203532717784023,0.5260270306436505,0.2419376421785093,0.6871403720058878,0.1758999063294527,0.1069182389937107,0.00909942459520942,0.020942058075739328,0.09012444801284625,0.14431955038137295,0.2099558410276997,0.3235648334002409
167,14820,0.4479757085020243,0.25823211875843455,0.5673414304993253,0.17442645074224022,0.4876518218623482,0.4412280701754386,0.03427800269905533,0.016059379217273954,0.02078272604588394,0.16869095816464239,0.19271255060728745,0.22483130904183535,0.15553306342780027
168,18667,0.47784860984625277,0.2860127497723255,0.5535972571918358,0.16038999303583865,0.5626506669523759,0.3598328601274977,0.03798146461670327,0.017785396689344833,0.02174961161407832,0.16746129533401188,0.18385385975250443,0.21085337761825682,0.15181871752290138
169,20466,0.483484804065279,0.2666373497508062,0.5374279292485097,0.19593472100068407,0.5674777680054724,0.34359425388449133,0.050376233753542464,0.014853904035962083,0.023697840320531613,0.166862112772403,0.18327958565425584,0.2167497312616046,0.16647122056093033
170,14419,0.4839447950620709,0.32595880435536445,0.5064151466814619,0.1676260489631736,0.7870864831125598,0.05180664401137388,0.1412719328663569,0.006311117275816631,0.013523822733892781,0.05777099660170608,0.10562452319855746,0.16866634301962688,0.34197933282474513
171,21295,0.4918055881662362,0.1891993425686781,0.5517727166001409,0.259027940831181,0.5412068560694999,0.07147217656726931,0.36290208969241605,0.007936135243014793,0.016482742427799953,0.12416060108006574,0.16149330828833058,0.21310166705799483,0.3120450810049307
172,9414,0.5,0.2060760569364776,0.5526874867219036,0.24123645634161886,0.8643509666454217,0.04578287656681538,0.07340131718716805,0.004992564265986828,0.011472275334608031,0.07541958784788613,0.15498194178882516,0.22466539196940727,0.3388570214574039
173,13624,0.5343511450381679,0.24765120375807398,0.5488843217850852,0.20346447445684088,0.6807839107457428,0.16228714034057545,0.12000880798590723,0.016368173810921902,0.020551967116852612,0.17799471520845567,0.1801967116852613,0.20581327069876687,0.18834409864944215
174,15645,0.4818791946308725,0.2550335570469799,0.5482262703739214,0.19674017257909876,0.6067114093959731,0.2673697666986258,0.09338446788111218,0.013678491530840524,0.018855864493448386,0.14944071588366892,0.17730904442313838,0.2181527644614893,0.20006391818472355
175,11425,0.48463894967177246,0.15413566739606127,0.5702407002188183,0.27562363238512033,0.5506345733041575,0.0650328227571116,0.36691466083150986,0.004814004376367615,0.012603938730853392,0.10100656455142232,0.15334792122538293,0.21978118161925603,0.37172866520787745
176,9362,0.5091860713522751,0.2000640888698996,0.5613116855372784,0.23862422559282204,0.8933988464003418,0.045075838496047856,0.04902798547318949,0.004165776543473617,0.008331553086947234,0.06205938901944029,0.15723136082033753,0.23659474471266823,0.34405041657765434
177,12971,0.45069771027677125,0.26035001156425874,0.5504587155963303,0.189191272839411,0.3148562177164444,0.6155269447228433,0.04201680672268908,0.010562022974327345,0.01703800786369594,0.13113869400971398,0.18996222342147867,0.23436897694857758,0.18418009405597102
178,7102,0.4963390594198817,0.23542664038299072,0.5118276541819206,0.25274570543508873,0.8297662630245002,0.07969586032103633,0.06843142776682624,0.007603491974091805,0.01450295691354548,0.08842579555054914,0.16305266122219092,0.20867361306674176,0.30442128977752747
179,14242,0.507021485746384,0.25937368347142253,0.5789214997893555,0.16170481673922202,0.7157000421289145,0.12961662687824743,0.12371857885128493,0.009830080044937508,0.021134672096615643,0.10237326218227777,0.14871506810841173,0.21064457239151804,0.2788934138463699
180,9863,0.5094798742776032,0.22325864341478252,0.5581466085369563,0.21859474804826118,0.6712967656899523,0.13444185339146306,0.1533002129169624,0.014498631248098956,0.02646253675352327,0.12815573354962992,0.1709419040859779,0.21829058095914022,0.25935313799046944
181,35129,0.49221440974693276,0.1955364513649691,0.638247601696604,0.16621594693842695,0.8015599647015287,0.0909504967405847,0.08101568504654275,0.006718096159867916,0.01975575735147599,0.07722963932932904,0.14002675851860286,0.21483674457001337,0.3723704062170856
182,13854,0.4715605601270391,0.2007362494586401,0.5949906164284683,0.20427313411289158,0.4035657571820413,0.4661469611664501,0.09975458351378663,0.010321928684856358,0.0202107694528656,0.1466002598527501,0.1916414032048506,0.2530677060776671,0.2079543814060921
183,6559,0.47842658941911875,0.1960664735477969,0.5987193169690501,0.20521420948315292,0.7691721298978503,0.144076840981857,0.06281445342277786,0.0082329623418204,0.015703613355694465,0.12440920872084159,0.17395944503735325,0.24226254002134473,0.2633023326726635
184,423,0.46099290780141844,0.2198581560283688,0.508274231678487,0.2718676122931442,0.5177304964539007,0.2907801418439716,0.13947990543735225,0.02364066193853428,0.028368794326241134,0.11583924349881797,0.15839243498817968,0.2624113475177305,0.24349881796690306
185,12456,0.48273924213230573,0.22406872190109184,0.5659120102761721,0.21001926782273603,0.6706807964033398,0.2003853564547206,0.09633911368015415,0.011400128452151574,0.02119460500963391,0.11881824020552344,0.16987797045600514,0.2315350032113038,0.2557000642260758
186,2485,0.5541247484909457,0.21851106639839035,0.5814889336016097,0.2,0.7311871227364185,0.09336016096579478,0.1432595573440644,0.011267605633802818,0.020925553319919517,0.07243460764587525,0.13480885311871227,0.19476861167002013,0.379476861167002
187,7847,0.4953485408436345,0.2231426022683828,0.5584299732381802,0.218427424493437,0.6933860073913598,0.2175353638333121,0.06104243659997451,0.007901108703963298,0.02013508347139034,0.09876385879954122,0.16515865936026508,0.23818019625334522,0.27475468331846564
188,30844,0.4453378290753469,0.22882894566204123,0.5397484113603942,0.2314226429775645,0.351283880171184,0.5758332252626118,0.04727013357541175,0.007878355595901958,0.017734405394890417,0.1269939048113085,0.1817209181688497,0.24811956944624564,0.21433666191155493
189,12438,0.4758803666184274,0.22238301977809938,0.6213217559093102,0.15629522431259044,0.679289274803023,0.2157903199871362,0.07710242804309375,0.005788712011577424,0.02202926515516964,0.08465991316931983,0.14721016240553145,0.21265476764753174,0.3330921369995176
190,165,0.5878787878787879,0.24848484848484848,0.4121212121212121,0.3393939393939394,0.5757575757575758,0.22424242424242424,0.09696969696969697,0.04242424242424243,0.06060606060606061,0.11515151515151516,0.18181818181818182,0.17575757575757575,0.2787878787878788
191,25872,0.4671072974644403,0.20790816326530612,0.5444882498453927,0.24760358688930117,0.35095856524427954,0.46413110698824983,0.14710884353741496,0.012716450216450216,0.025085034013605442,0.13435374149659865,0.1856060606060606,0.2358534322820037,0.23627860235003093
192,8457,0.5025422726735249,0.20515549249142723,0.5533877261440227,0.24145678136455007,0.4553624216625281,0.07745063261203737,0.44070001182452406,0.0069764691971148166,0.019510464703795673,0.13137046233889085,0.16057703677426985,0.2069291711008632,0.2959678372945489
193,5185,0.45380906460945036,0.26846673095467694,0.5444551591128255,0.1870781099324976,0.457473481195757,0.4235294117647059,0.08717454194792672,0.010607521697203472,0.021215043394406944,0.13751205400192865,0.17974927675988428,0.23355834136933462,0.18071359691417552
194,294,0.5068027210884354,0.2789115646258503,0.5068027210884354,0.21428571428571427,0.5034013605442177,0.36394557823129253,0.07482993197278912,0.013605442176870748,0.04421768707482993,0.16326530612244897,0.1598639455782313,0.19047619047619047,0.20748299319727892
195,4548,0.46262093227792433,0.26011433597185574,0.5866314863676341,0.1532541776605101,0.5492524186455585,0.3555408970976253,0.06156552330694811,0.011433597185576077,0.022207563764291997,0.12379067722075637,0.17040457343887422,0.2231750219876869,0.22251539138082674
196,13986,0.4822679822679823,0.17503217503217502,0.5831545831545831,0.24181324181324182,0.6224796224796225,0.08944658944658945,0.25575575575575576,0.007364507364507365,0.024953524953524955,0.10546260546260547,0.15565565565565564,0.22036322036322037,0.3434863434863435
197,26619,0.5084338254630152,0.2224726698974417,0.5582103009128818,0.21931702918967655,0.5630564634283782,0.19234381456854127,0.19501108230962846,0.020323828844058756,0.02926481084939329,0.14482136819564972,0.17201998572448252,0.22164619256921747,0.2390397836132086
198,31661,0.5148605539938725,0.24481222955686807,0.565996020340482,0.18919175010264994,0.779507911942137,0.10050219512965478,0.09099523072549824,0.009759641198951391,0.019235021003758568,0.1252329364202015,0.16812482233662865,0.2117747386374404,0.2500552730488614
199,1555,0.490032154340836,0.27138263665594853,0.5331189710610933,0.1954983922829582,0.5787781350482315,0.3691318327974277,0.03022508038585209,0.01157556270096463,0.010289389067524116,0.13440514469453377,0.19935691318327975,0.20836012861736333,0.1864951768488746
200,11800,0.4833050847457627,0.1726271186440678,0.5563559322033899,0.2710169491525424,0.7782203389830509,0.13186440677966102,0.06491525423728814,0.007542372881355932,0.017457627118644067,0.09949152542372881,0.15542372881355931,0.23186440677966103,0.34059322033898304
201,8549,0.49420984910515847,0.19394081179085274,0.5553865949233828,0.2506725932857644,0.8029009240846883,0.1318282840098257,0.048777634811089016,0.005380746286115335,0.01111241080828167,0.0925254415721137,0.16387881623581704,0.23382851795531642,0.3158264124459001
202,4572,0.479002624671916,0.21303587051618547,0.5717410323709536,0.2152230971128609,0.6377952755905512,0.17519685039370078,0.157917760279965,0.0074365704286964126,0.021653543307086614,0.08180227471566054,0.13692038495188102,0.21281714785651792,0.35542432195975504
203,11083,0.44238924478931696,0.2097807452855725,0.5468735901831634,0.2433456645312641,0.23414238022196157,0.6914192908057385,0.0483623567626094,0.007218262203374537,0.01885771000631598,0.12613913200397003,0.19471262293602815,0.2526391771181088,0.2167283226563205
204,8489,0.5085404641300506,0.20355754505831075,0.5570738602897868,0.23936859465190247,0.9145953586994935,0.024266698079868063,0.05348097537990341,0.0018847920838732477,0.0057721757568618215,0.06490752738838497,0.15867593356107904,0.21981387678171752,0.35304511721050774
205,20184,0.4346016646848989,0.20868014268727705,0.5540031708283789,0.23731668648434404,0.2020412207689259,0.7332540626238605,0.03998216409036861,0.008125247720967102,0.016597304795877923,0.13381886642885454,0.20169441141498218,0.2612960760998811,0.19451050336900516
206,14004,0.48014852899171667,0.2310054270208512,0.55641245358469,0.21258211939445873,0.5524850042844901,0.3439731505284204,0.07255069980005713,0.009068837475007141,0.021922307912025134,0.11396743787489289,0.17052270779777207,0.22693516138246214,0.2575692659240217
207,139,0.49640287769784175,0.23741007194244604,0.48201438848920863,0.2805755395683453,0.5683453237410072,0.17985611510791366,0.17985611510791366,0.02877697841726619,0.04316546762589928,0.19424460431654678,0.16546762589928057,0.2014388489208633,0.2014388489208633
208,18605,0.48664337543671055,0.21010481053480248,0.5701693093254502,0.2197258801397474,0.7437785541521097,0.16866433754367105,0.05815640956732061,0.01123353937113679,0.01816715936576189,0.11776404192421393,0.17543671056167698,0.2334856221445848,0.26320881483472186
209,3272,0.49786063569682154,0.20385085574572126,0.58679706601467,0.2093520782396088,0.7139364303178484,0.0843520782396088,0.17512224938875307,0.007640586797066014,0.018948655256723717,0.07212713936430318,0.14028117359413203,0.19926650366748166,0.38447432762836187
210,20848,0.47390636991557944,0.18836339217191098,0.5395241749808135,0.27211243284727554,0.7101400613967767,0.11737336914811973,0.15392363775901766,0.006331542594013815,0.012231389102072141,0.09382194934765925,0.16562739831158865,0.22793553338449732,0.32425172678434383
211,3929,0.4968185288877577,0.267752608806312,0.5299058284550776,0.20234156273861034,0.812420463222194,0.06210231611096971,0.1007890048358361,0.00687197760244337,0.017816238228556883,0.062356833799949093,0.13005853906846526,0.17968948841944515,0.36014252990582846
212,12594,0.48396061616642844,0.2469429887247896,0.5618548515165952,0.1912021597586152,0.5479593457201842,0.33222169286962044,0.084167063681118,0.014689534699063046,0.02096236303001429,0.15555026202953787,0.18913768461171987,0.22248689852310624,0.18588216611084643
213,19940,0.4598294884653962,0.24062186559679036,0.5668004012036109,0.19257773319959878,0.4737713139418255,0.45035105315947843,0.0380641925777332,0.014994984954864593,0.022818455366098295,0.15857572718154464,0.1907221664994985,0.23164493480441323,0.17843530591775325
214,10501,0.4944291019902866,0.2080754213884392,0.5536615560422817,0.23826302256927911,0.8233501571278926,0.07294543376821255,0.08418245881344634,0.005142367393581563,0.014379582896866965,0.08418245881344634,0.1568422055042377,0.21988382058851538,0.3310160937053614
215,15488,0.4449251033057851,0.2264979338842975,0.5506844008264463,0.2228176652892562,0.2753099173553719,0.6165418388429752,0.07651084710743801,0.01265495867768595,0.018982438016528925,0.13610537190082644,0.19602272727272727,0.24347882231404958,0.19789514462809918
216,33271,0.5021189624597998,0.213579393465781,0.5545369841603799,0.23188362237383908,0.4430585194313366,0.3035075591355835,0.19653752517207176,0.02194102972558685,0.03495536653542124,0.1386192179375432,0.18226082774788854,0.22758558504403234,0.2379549758047549
217,9252,0.5238867271941202,0.32641591007349763,0.4878945092952875,0.18568958063121488,0.8615434500648509,0.08971033290099438,0.030587980977086034,0.006593169044530912,0.01156506701253783,0.10473411154345007,0.1690445309122352,0.19552529182879377,0.20428015564202334
218,9633,0.4241669261912177,0.20128724177307172,0.5552787293677982,0.24343402885913007,0.1610090314543756,0.7833489048063946,0.03488009965742759,0.005086681200041524,0.015675282881760615,0.13069656389494447,0.21239489255683588,0.2609778885082529,0.19464341326689505
219,8292,0.43909792571152917,0.19705740472744815,0.566931982633864,0.2360106126386879,0.20477568740955138,0.7237095996140859,0.04703328509406657,0.008803666184273999,0.01567776169802219,0.12891944042450554,0.20477568740955138,0.2655571635311143,0.2036903039073806
220,13445,0.48211230940870214,0.18534771290442545,0.5627370769802901,0.2519152101152845,0.735738192636668,0.16957976943101524,0.06790628486426181,0.007809594644849386,0.01896615842320565,0.11015247303830421,0.17039791744142804,0.2310152473038304,0.3030866493120119
221,11052,0.4809989142236699,0.22330799855229821,0.5475027144408252,0.22918928700687657,0.6394317770539268,0.22176981541802387,0.11147303655446977,0.007328990228013029,0.019996380745566412,0.11337314513210278,0.1566232356134636,0.2288273615635179,0.27786825913861746
222,5745,0.41984334203655355,0.23533507397737163,0.5378590078328982,0.2268059181897302,0.3865970409051349,0.5516100957354221,0.0402088772845953,0.005918189730200174,0.015665796344647518,0.12306353350739774,0.1888598781549173,0.24160139251523063,0.21114012184508268
223,25992,0.5118497999384426,0.2466143428747307,0.5814096645121576,0.17197599261311172,0.8202908587257618,0.06779008925823331,0.08775777162203754,0.006886734379809172,0.017274546014158204,0.09087411511234227,0.1492382271468144,0.2082179132040628,0.30505540166204986
224,10453,0.47192193628623363,0.31024586243183777,0.4791925762938869,0.21056156127427533,0.800057399789534,0.059600114799579065,0.11441691380464938,0.0037309863197168276,0.022194585286520616,0.05491246532096049,0.11116425906438343,0.17621735386970247,0.34746005931311585
225,26010,0.4585928489042676,0.27712418300653596,0.55840061514802,0.16447520184544406,0.3681276432141484,0.5573241061130334,0.046866589773164165,0.008073817762399077,0.0196078431372549,0.1206074586697424,0.1720876585928489,0.226720492118416,0.20346020761245676
226,26134,0.5172572128262034,0.21791535930205863,0.5813882298920946,0.2006964108058468,0.7207851840514272,0.083913675671539,0.16468967628376827,0.00994872579781128,0.020662738195454198,0.11513736894466978,0.15730466059539297,0.21535164919262265,0.294290961965256
227,24255,0.48719851576994433,0.2246134817563389,0.5810348381776953,0.1943516800659658,0.5407132549989693,0.08686868686868687,0.3435992578849722,0.012038754895897752,0.016780045351473923,0.14805194805194805,0.16767676767676767,0.20090702947845804,0.2587507730364873
228,20567,0.5006077697282054,0.24466378178635678,0.5738804881606457,0.18145573005299753,0.7097777993873681,0.11406622258958526,0.14275295376087907,0.012495745611902562,0.02090727865026499,0.13896047065687753,0.16302815189381048,0.2068848154811105,0.2464627801818447
229,13270,0.49562923888470234,0.23232856066314997,0.5218538055764883,0.24581763376036173,0.8269781461944236,0.03896006028636021,0.11672946495855313,0.0045968349660889226,0.012735493594574227,0.05832705350414469,0.11672946495855313,0.19397136397889977,0.39864355689525244
230,4275,0.5485380116959064,0.23812865497076025,0.5529824561403509,0.2088888888888889,0.6891228070175439,0.11181286549707602,0.1695906432748538,0.007017543859649123,0.02245614035087719,0.07485380116959064,0.14269005847953217,0.19461988304093567,0.3497076023391813
231,10429,0.5495253619714259,0.1991561990603126,0.618755393613961,0.18208840732572634,0.7877073544922811,0.06453159459200307,0.12628248154185445,0.0059449611659794805,0.015533608207881867,0.062230319301946495,0.13184389682615782,0.18764982261002972,0.41911976220155334
232,18223,0.48389398013499424,0.23256324425176975,0.5577566811172694,0.20968007463096086,0.5863469242166492,0.14525599517093782,0.23854469626296437,0.009932502880974593,0.019919881468473906,0.12912253745266972,0.15370685397574493,0.2064424079460023,0.27816495637381333
233,9600,0.4969791666666667,0.296875,0.5219791666666667,0.18114583333333334,0.7491666666666666,0.056354166666666664,0.171875,0.005729166666666666,0.016875,0.05583333333333333,0.11135416666666667,0.16989583333333333,0.36604166666666665
234,9158,0.5265341777680717,0.23640532867438305,0.6012229744485695,0.1623716968770474,0.7857610832059402,0.06879231273203756,0.1216422799737934,0.006442454684428915,0.017361869403799957,0.061039528281284124,0.12863070539419086,0.1886874863507316,0.3852369512994103
235,20873,0.4619364729554927,0.26642073492071094,0.5490825468308341,0.18449671824845496,0.5401236046567336,0.3802040914099554,0.04110573468116706,0.01580989795429502,0.022756671297848894,0.16221913476740288,0.1867005222057203,0.21731423369903705,0.16734537440712882
236,17059,0.5041327158684565,0.1889911483674307,0.5308048537428923,0.280203997889677,0.8585497391406296,0.04332024151474295,0.07943021279090216,0.0052171874084061196,0.013482619145319187,0.05973386482208805,0.12902280321238055,0.20575649217421887,0.4164956914238818
237,8327,0.5117088987630599,0.17497297946439294,0.5165125495376486,0.3085144709979584,0.8502461871021977,0.04947760297826348,0.07841959889516033,0.006124654737600576,0.01573195628677795,0.06845202353788879,0.13402185661102436,0.20571634442176054,0.41683679596493334
238,24692,0.49493763162157783,0.18070630163615747,0.5598169447594362,0.2594767536044063,0.7900129596630487,0.10732220962254982,0.0786489551271667,0.006236837842216103,0.01777903774501863,0.07901344565041309,0.14008585776769805,0.2123764782115665,0.38781791673416494
239,21317,0.5004456537036168,0.17699488671013744,0.5801473002767744,0.24285781301308815,0.8485246516864474,0.05451048458976404,0.07754374442932871,0.005629309940423137,0.013791809354036684,0.06398648965614298,0.1394661537739832,0.20711169489140122,0.41244077496833514
240,151,0.44370860927152317,0.271523178807947,0.4304635761589404,0.2980132450331126,0.5562913907284768,0.2980132450331126,0.09933774834437085,0.0,0.046357615894039736,0.1390728476821192,0.19205298013245034,0.19205298013245034,0.2052980132450331
241,19765,0.46562104730584364,0.21684796357197064,0.5674677460156843,0.21568429041234505,0.6167467746015685,0.2855552744750822,0.05884138628889451,0.014470022767518341,0.024386541866936503,0.15481912471540601,0.18360738679483937,0.23076144700227674,0.2139640779155072
242,11527,0.48477487637720135,0.227552702351002,0.5571267459009283,0.21532055174806974,0.6634857291576299,0.2017871085278043,0.0966426650472803,0.014140713108354299,0.023943784158931204,0.13455365663225471,0.17419970504034007,0.22252103756398023,0.241172898412423
243,31198,0.4951919994871466,0.2422911725110584,0.5517661388550548,0.2059426886338868,0.769183922046285,0.14472081543688697,0.050964805436245916,0.012532854670171165,0.022597602410410925,0.13516892108468492,0.16626065773447016,0.20645554202192448,0.24982370664786205
244,36215,0.494933038796079,0.27549358000828383,0.5370978876156289,0.18740853237608726,0.6875880160154632,0.2196603617285655,0.05494960651663675,0.014938561369598233,0.022863454369736295,0.14993787104790832,0.16744442910396246,0.203589672787519,0.20353444705232637
245,7635,0.48343156516044533,0.20157170923379175,0.5524557956777996,0.24597249508840865,0.77524557956778,0.13294040602488538,0.06954813359528488,0.007727570399476097,0.014538310412573674,0.08592010478061558,0.15913555992141454,0.22789783889980353,0.3254747871643746
246,5131,0.5351783278113428,0.25725979341259014,0.6170337166244397,0.12570648996297018,0.723055934515689,0.10290391736503605,0.14928863769245762,0.006041707269538101,0.018709803157279284,0.07522900019489379,0.12707074644318847,0.19313973884233093,0.34730072110699667
247,15207,0.4860919313474058,0.25757874662984154,0.5584927993687118,0.1839284540014467,0.5825606628526336,0.328927467613599,0.051094890510948905,0.01512461366475965,0.02229236535805879,0.1692641546656145,0.18872887486026171,0.2141119221411192,0.170316301703163
248,12299,0.49256037076185055,0.24400357752662818,0.5637043662086348,0.19229205626473697,0.5454915033742581,0.3608423449060899,0.055045125619969104,0.017481096024066996,0.021139930075615904,0.16212700219530043,0.18424262135132938,0.22701032604276772,0.1826164728839743
249,13260,0.5168929110105581,0.26953242835595775,0.5459276018099547,0.1845399698340875,0.8487179487179487,0.049396681749622924,0.07993966817496229,0.0058069381598793365,0.01613876319758673,0.06025641025641026,0.12254901960784313,0.18227752639517344,0.36538461538461536
250,10987,0.4902157094748339,0.22390097387821972,0.5679439337398744,0.20815509238190588,0.5931555474651862,0.26449440247565303,0.10130153818148721,0.01674706471284245,0.024301447164831163,0.15026849913534177,0.19177209429325567,0.227541640120142,0.20651679257304087
251,11547,0.496752403221616,0.20438209058629947,0.5592794665281026,0.236338442885598,0.8268814410669438,0.07153373170520481,0.08166623365376288,0.0059755780722265525,0.013943015501861956,0.0780289252619728,0.15112150342080194,0.2230016454490344,0.3434658352818914
252,14129,0.49522259183240147,0.18784061150824546,0.5542501238587303,0.25790926463302427,0.769905867364994,0.049118833604642934,0.15853917474697432,0.006228324722202562,0.016207799561186214,0.09434496425790927,0.15846839832967655,0.23172199023285442,0.3276240356713143
253,187,0.48128342245989303,0.2887700534759358,0.48128342245989303,0.22994652406417113,0.47593582887700536,0.22994652406417113,0.20320855614973263,0.0481283422459893,0.0427807486631016,0.13903743315508021,0.1443850267379679,0.1925133689839572,0.23529411764705882
254,24411,0.43529556347548237,0.22317807545778542,0.5533570931137602,0.22346483142845439,0.321371512842571,0.6082913440661997,0.0415796157469993,0.010323214944082585,0.018434312400147475,0.14116586784646265,0.19765679406824793,0.2474704026873131,0.1905288599401909
255,11668,0.5237401439835447,0.2667980802194035,0.6278711004456633,0.10533081933493316,0.8092218032224888,0.060421666095303396,0.10344532053479602,0.007884813164209805,0.01902639698320192,0.0779910867329448,0.1262427151182722,0.19163524168666438,0.33733287624271513
256,15990,0.5030018761726078,0.31106941838649155,0.558411507191995,0.13051907442151345,0.8141963727329581,0.09074421513445903,0.06372732958098812,0.009631019387116949,0.0217010631644778,0.10988117573483427,0.149906191369606,0.18880550343964977,0.2403377110694184
257,11433,0.48701128312778796,0.1800927140732966,0.6302807662030963,0.1896265197236071,0.7931426572203272,0.09420099711361847,0.08720370856293186,0.007522085191988105,0.017930551911134435,0.08825330184553486,0.15271582261873523,0.22811160675238346,0.35082655471004986
258,25376,0.5113493064312736,0.2228877679697352,0.563406368221942,0.21370586380832282,0.6579445145018915,0.14919609079445145,0.15372793190416142,0.015487074401008827,0.02364438839848676,0.14564943253467844,0.17855453972257251,0.2194593316519546,0.23344892812105927
259,18811,0.46026261230131305,0.22481526766253787,0.5478709265855085,0.22731380575195365,0.4210302482589974,0.4948168624740843,0.0564563287438201,0.00877146350539578,0.018925097017702407,0.12306629099994684,0.18547658285045984,0.24395300621976504,0.2226888522672904
260,20350,0.5176904176904177,0.21410319410319412,0.5687469287469288,0.21714987714987716,0.6215724815724816,0.0862899262899263,0.26063882063882066,0.010663390663390664,0.020835380835380835,0.12457002457002457,0.1507125307125307,0.21331695331695333,0.2972972972972973
261,3221,0.5020180068301769,0.33592052157714997,0.5442409189692642,0.11983855945358585,0.7451102142191866,0.06488668115492083,0.166097485253027,0.005588326606643899,0.018317292766221672,0.05619372865569699,0.10152126668736418,0.15833592052157716,0.34802856255821174
262,16665,0.45556555655565556,0.22496249624962497,0.5498349834983498,0.2252025202520252,0.8281428142814281,0.06762676267626763,0.08562856285628563,0.005820582058205821,0.012781278127812781,0.061506150615061504,0.12739273927392739,0.2012001200120012,0.38493849384938494
263,23119,0.4642501838314806,0.26294389895756737,0.5644275271421775,0.1726285739002552,0.8095505860980147,0.06349755612266966,0.10601669622388511,0.005450062718975734,0.015485098836454865,0.05835027466585925,0.1195120896232536,0.19386651671785113,0.36532722003546864
